"PERIODO","RUBRO","TIPO_PRESTACION","BARRIO","total","COMUNA"
201301,"ACERAS","RECLAMO","AGRONOMIA",6,15
201301,"ACERAS","RECLAMO","ALMAGRO",172,5
201301,"ACERAS","RECLAMO","BALVANERA",92,3
201301,"ACERAS","RECLAMO","BARRACAS",45,4
201301,"ACERAS","RECLAMO","BELGRANO",79,13
201301,"ACERAS","RECLAMO","BOCA",10,4
201301,"ACERAS","RECLAMO","BOEDO",38,5
201301,"ACERAS","RECLAMO","CABALLITO",109,6
201301,"ACERAS","RECLAMO","CHACARITA",20,15
201301,"ACERAS","RECLAMO","COGHLAN",45,12
201301,"ACERAS","RECLAMO","COLEGIALES",26,13
201301,"ACERAS","RECLAMO","CONSTITUCION",13,1
201301,"ACERAS","RECLAMO","FLORES",111,7
201301,"ACERAS","RECLAMO","FLORESTA",28,10
201301,"ACERAS","RECLAMO","LINIERS",24,9
201301,"ACERAS","RECLAMO","MATADEROS",97,9
201301,"ACERAS","RECLAMO","MONSERRAT",44,1
201301,"ACERAS","RECLAMO","MONTE CASTRO",26,10
201301,"ACERAS","RECLAMO","NUÑEZ",32,13
201301,"ACERAS","RECLAMO","NUEVA POMPEYA",63,4
201301,"ACERAS","RECLAMO","PALERMO",113,14
201301,"ACERAS","RECLAMO","PARQUE AVELLANEDA",41,9
201301,"ACERAS","RECLAMO","PARQUE CHACABUCO",54,7
201301,"ACERAS","RECLAMO","PARQUE CHAS",20,15
201301,"ACERAS","RECLAMO","PARQUE PATRICIOS",28,4
201301,"ACERAS","RECLAMO","PATERNAL",54,15
201301,"ACERAS","RECLAMO","PUERTO MADERO",1,1
201301,"ACERAS","RECLAMO","RECOLETA",53,2
201301,"ACERAS","RECLAMO","RETIRO",15,1
201301,"ACERAS","RECLAMO","SAAVEDRA",48,12
201301,"ACERAS","RECLAMO","SAN CRISTOBAL",33,3
201301,"ACERAS","RECLAMO","SAN NICOLAS",43,1
201301,"ACERAS","RECLAMO","SAN TELMO",21,1
201301,"ACERAS","RECLAMO","VELEZ SARSFIELD",36,10
201301,"ACERAS","RECLAMO","VERSALLES",15,10
201301,"ACERAS","RECLAMO","VILLA CRESPO",54,15
201301,"ACERAS","RECLAMO","VILLA DEL PARQUE",44,11
201301,"ACERAS","RECLAMO","VILLA DEVOTO",49,11
201301,"ACERAS","RECLAMO","VILLA GRAL. MITRE",31,11
201301,"ACERAS","RECLAMO","VILLA LUGANO",80,8
201301,"ACERAS","RECLAMO","VILLA LURO",40,10
201301,"ACERAS","RECLAMO","VILLA ORTUZAR",18,15
201301,"ACERAS","RECLAMO","VILLA PUEYRREDON",25,12
201301,"ACERAS","RECLAMO","VILLA REAL",8,10
201301,"ACERAS","RECLAMO","VILLA RIACHUELO",8,8
201301,"ACERAS","RECLAMO","VILLA SANTA RITA",39,11
201301,"ACERAS","RECLAMO","VILLA SOLDATI",24,8
201301,"ACERAS","RECLAMO","VILLA URQUIZA",80,12
201301,"ACERAS","SOLICITUD","ALMAGRO",4,5
201301,"ACERAS","SOLICITUD","BARRACAS",1,4
201301,"ACERAS","SOLICITUD","BELGRANO",4,13
201301,"ACERAS","SOLICITUD","BOCA",1,4
201301,"ACERAS","SOLICITUD","BOEDO",1,5
201301,"ACERAS","SOLICITUD","CABALLITO",10,6
201301,"ACERAS","SOLICITUD","CHACARITA",4,15
201301,"ACERAS","SOLICITUD","COGHLAN",1,12
201301,"ACERAS","SOLICITUD","COLEGIALES",3,13
201301,"ACERAS","SOLICITUD","CONSTITUCION",1,1
201301,"ACERAS","SOLICITUD","MATADEROS",2,9
201301,"ACERAS","SOLICITUD","NUÑEZ",1,13
201301,"ACERAS","SOLICITUD","NUEVA POMPEYA",1,4
201301,"ACERAS","SOLICITUD","PALERMO",2,14
201301,"ACERAS","SOLICITUD","PARQUE AVELLANEDA",1,9
201301,"ACERAS","SOLICITUD","PARQUE CHACABUCO",2,7
201301,"ACERAS","SOLICITUD","PARQUE PATRICIOS",1,4
201301,"ACERAS","SOLICITUD","PATERNAL",3,15
201301,"ACERAS","SOLICITUD","RECOLETA",2,2
201301,"ACERAS","SOLICITUD","SAAVEDRA",7,12
201301,"ACERAS","SOLICITUD","SAN CRISTOBAL",1,3
201301,"ACERAS","SOLICITUD","SAN TELMO",1,1
201301,"ACERAS","SOLICITUD","VELEZ SARSFIELD",1,10
201301,"ACERAS","SOLICITUD","VILLA CRESPO",2,15
201301,"ACERAS","SOLICITUD","VILLA DEVOTO",2,11
201301,"ACERAS","SOLICITUD","VILLA LUGANO",1,8
201301,"ACERAS","SOLICITUD","VILLA PUEYRREDON",1,12
201301,"ACERAS","SOLICITUD","VILLA SANTA RITA",1,11
201301,"ACERAS","SOLICITUD","VILLA URQUIZA",5,12
201301,"ACTOS DE CORRUPCION","DENUNCIA","ALMAGRO",1,5
201301,"ACTOS DE CORRUPCION","DENUNCIA","BARRACAS",2,4
201301,"ACTOS DE CORRUPCION","DENUNCIA","BELGRANO",1,13
201301,"ACTOS DE CORRUPCION","DENUNCIA","BOCA",1,4
201301,"ACTOS DE CORRUPCION","DENUNCIA","BOEDO",1,5
201301,"ACTOS DE CORRUPCION","DENUNCIA","CABALLITO",1,6
201301,"ACTOS DE CORRUPCION","DENUNCIA","CHACARITA",1,15
201301,"ACTOS DE CORRUPCION","DENUNCIA","CONSTITUCION",2,1
201301,"ACTOS DE CORRUPCION","DENUNCIA","FLORES",1,7
201301,"ACTOS DE CORRUPCION","DENUNCIA","LINIERS",1,9
201301,"ACTOS DE CORRUPCION","DENUNCIA","MONSERRAT",2,1
201301,"ACTOS DE CORRUPCION","DENUNCIA","PALERMO",4,14
201301,"ACTOS DE CORRUPCION","DENUNCIA","PARQUE CHACABUCO",1,7
201301,"ACTOS DE CORRUPCION","DENUNCIA","PARQUE PATRICIOS",4,4
201301,"ACTOS DE CORRUPCION","DENUNCIA","PATERNAL",1,15
201301,"ACTOS DE CORRUPCION","DENUNCIA","SAN NICOLAS",3,1
201301,"ACTOS DE CORRUPCION","DENUNCIA","VILLA CRESPO",2,15
201301,"ACTOS DE CORRUPCION","DENUNCIA","VILLA DEL PARQUE",1,11
201301,"ACTOS DE CORRUPCION","DENUNCIA","VILLA LURO",2,10
201301,"ACTOS DE CORRUPCION","DENUNCIA","VILLA PUEYRREDON",1,12
201301,"ACTOS DE CORRUPCION","DENUNCIA","VILLA URQUIZA",1,12
201301,"ALBERGUE TRANSITORIO","DENUNCIA","MONSERRAT",2,1
201301,"ALUMBRADO","RECLAMO","AGRONOMIA",38,15
201301,"ALUMBRADO","RECLAMO","ALMAGRO",130,5
201301,"ALUMBRADO","RECLAMO","BALVANERA",66,3
201301,"ALUMBRADO","RECLAMO","BARRACAS",118,4
201301,"ALUMBRADO","RECLAMO","BELGRANO",71,13
201301,"ALUMBRADO","RECLAMO","BOCA",50,4
201301,"ALUMBRADO","RECLAMO","BOEDO",52,5
201301,"ALUMBRADO","RECLAMO","CABALLITO",178,6
201301,"ALUMBRADO","RECLAMO","CHACARITA",54,15
201301,"ALUMBRADO","RECLAMO","COGHLAN",26,12
201301,"ALUMBRADO","RECLAMO","COLEGIALES",31,13
201301,"ALUMBRADO","RECLAMO","CONSTITUCION",27,1
201301,"ALUMBRADO","RECLAMO","FLORES",248,7
201301,"ALUMBRADO","RECLAMO","FLORESTA",111,10
201301,"ALUMBRADO","RECLAMO","LINIERS",153,9
201301,"ALUMBRADO","RECLAMO","MATADEROS",175,9
201301,"ALUMBRADO","RECLAMO","MONSERRAT",15,1
201301,"ALUMBRADO","RECLAMO","MONTE CASTRO",100,10
201301,"ALUMBRADO","RECLAMO","NUÑEZ",36,13
201301,"ALUMBRADO","RECLAMO","NUEVA POMPEYA",135,4
201301,"ALUMBRADO","RECLAMO","PALERMO",74,14
201301,"ALUMBRADO","RECLAMO","PARQUE AVELLANEDA",111,9
201301,"ALUMBRADO","RECLAMO","PARQUE CHACABUCO",134,7
201301,"ALUMBRADO","RECLAMO","PARQUE CHAS",42,15
201301,"ALUMBRADO","RECLAMO","PARQUE PATRICIOS",72,4
201301,"ALUMBRADO","RECLAMO","PATERNAL",26,15
201301,"ALUMBRADO","RECLAMO","PUERTO MADERO",1,1
201301,"ALUMBRADO","RECLAMO","RECOLETA",53,2
201301,"ALUMBRADO","RECLAMO","RETIRO",15,1
201301,"ALUMBRADO","RECLAMO","SAAVEDRA",92,12
201301,"ALUMBRADO","RECLAMO","SAN CRISTOBAL",72,3
201301,"ALUMBRADO","RECLAMO","SAN NICOLAS",22,1
201301,"ALUMBRADO","RECLAMO","SAN TELMO",24,1
201301,"ALUMBRADO","RECLAMO","VELEZ SARSFIELD",104,10
201301,"ALUMBRADO","RECLAMO","VERSALLES",26,10
201301,"ALUMBRADO","RECLAMO","VILLA CRESPO",137,15
201301,"ALUMBRADO","RECLAMO","VILLA DEL PARQUE",87,11
201301,"ALUMBRADO","RECLAMO","VILLA DEVOTO",140,11
201301,"ALUMBRADO","RECLAMO","VILLA GRAL. MITRE",45,11
201301,"ALUMBRADO","RECLAMO","VILLA LUGANO",131,8
201301,"ALUMBRADO","RECLAMO","VILLA LURO",76,10
201301,"ALUMBRADO","RECLAMO","VILLA ORTUZAR",41,15
201301,"ALUMBRADO","RECLAMO","VILLA PUEYRREDON",60,12
201301,"ALUMBRADO","RECLAMO","VILLA REAL",32,10
201301,"ALUMBRADO","RECLAMO","VILLA RIACHUELO",19,8
201301,"ALUMBRADO","RECLAMO","VILLA SANTA RITA",66,11
201301,"ALUMBRADO","RECLAMO","VILLA SOLDATI",47,8
201301,"ALUMBRADO","RECLAMO","VILLA URQUIZA",103,12
201301,"ALUMBRADO","SOLICITUD","AGRONOMIA",1,15
201301,"ALUMBRADO","SOLICITUD","ALMAGRO",7,5
201301,"ALUMBRADO","SOLICITUD","BALVANERA",3,3
201301,"ALUMBRADO","SOLICITUD","BARRACAS",6,4
201301,"ALUMBRADO","SOLICITUD","BELGRANO",11,13
201301,"ALUMBRADO","SOLICITUD","BOCA",5,4
201301,"ALUMBRADO","SOLICITUD","BOEDO",3,5
201301,"ALUMBRADO","SOLICITUD","CABALLITO",9,6
201301,"ALUMBRADO","SOLICITUD","CHACARITA",1,15
201301,"ALUMBRADO","SOLICITUD","COGHLAN",2,12
201301,"ALUMBRADO","SOLICITUD","COLEGIALES",3,13
201301,"ALUMBRADO","SOLICITUD","CONSTITUCION",1,1
201301,"ALUMBRADO","SOLICITUD","FLORES",15,7
201301,"ALUMBRADO","SOLICITUD","FLORESTA",7,10
201301,"ALUMBRADO","SOLICITUD","LINIERS",5,9
201301,"ALUMBRADO","SOLICITUD","MATADEROS",4,9
201301,"ALUMBRADO","SOLICITUD","MONSERRAT",1,1
201301,"ALUMBRADO","SOLICITUD","MONTE CASTRO",3,10
201301,"ALUMBRADO","SOLICITUD","NUÑEZ",4,13
201301,"ALUMBRADO","SOLICITUD","NUEVA POMPEYA",6,4
201301,"ALUMBRADO","SOLICITUD","PALERMO",8,14
201301,"ALUMBRADO","SOLICITUD","PARQUE AVELLANEDA",2,9
201301,"ALUMBRADO","SOLICITUD","PARQUE CHACABUCO",3,7
201301,"ALUMBRADO","SOLICITUD","PARQUE PATRICIOS",3,4
201301,"ALUMBRADO","SOLICITUD","PATERNAL",2,15
201301,"ALUMBRADO","SOLICITUD","RECOLETA",7,2
201301,"ALUMBRADO","SOLICITUD","RETIRO",1,1
201301,"ALUMBRADO","SOLICITUD","SAAVEDRA",7,12
201301,"ALUMBRADO","SOLICITUD","SAN CRISTOBAL",2,3
201301,"ALUMBRADO","SOLICITUD","SAN TELMO",2,1
201301,"ALUMBRADO","SOLICITUD","VELEZ SARSFIELD",7,10
201301,"ALUMBRADO","SOLICITUD","VILLA CRESPO",7,15
201301,"ALUMBRADO","SOLICITUD","VILLA DEL PARQUE",8,11
201301,"ALUMBRADO","SOLICITUD","VILLA DEVOTO",6,11
201301,"ALUMBRADO","SOLICITUD","VILLA GRAL. MITRE",3,11
201301,"ALUMBRADO","SOLICITUD","VILLA LUGANO",6,8
201301,"ALUMBRADO","SOLICITUD","VILLA LURO",3,10
201301,"ALUMBRADO","SOLICITUD","VILLA SANTA RITA",6,11
201301,"ALUMBRADO","SOLICITUD","VILLA SOLDATI",3,8
201301,"ALUMBRADO","SOLICITUD","VILLA URQUIZA",7,12
201301,"ANGARES / GUARDA DE EMBARCACIONES","DENUNCIA","SAN NICOLAS",1,1
201301,"ARBOLADO","RECLAMO","AGRONOMIA",11,15
201301,"ARBOLADO","RECLAMO","ALMAGRO",58,5
201301,"ARBOLADO","RECLAMO","BALVANERA",30,3
201301,"ARBOLADO","RECLAMO","BARRACAS",32,4
201301,"ARBOLADO","RECLAMO","BELGRANO",50,13
201301,"ARBOLADO","RECLAMO","BOCA",10,4
201301,"ARBOLADO","RECLAMO","BOEDO",46,5
201301,"ARBOLADO","RECLAMO","CABALLITO",128,6
201301,"ARBOLADO","RECLAMO","CHACARITA",29,15
201301,"ARBOLADO","RECLAMO","COGHLAN",45,12
201301,"ARBOLADO","RECLAMO","COLEGIALES",32,13
201301,"ARBOLADO","RECLAMO","CONSTITUCION",6,1
201301,"ARBOLADO","RECLAMO","FLORES",94,7
201301,"ARBOLADO","RECLAMO","FLORESTA",27,10
201301,"ARBOLADO","RECLAMO","LINIERS",46,9
201301,"ARBOLADO","RECLAMO","MATADEROS",110,9
201301,"ARBOLADO","RECLAMO","MONSERRAT",6,1
201301,"ARBOLADO","RECLAMO","MONTE CASTRO",38,10
201301,"ARBOLADO","RECLAMO","NUÑEZ",53,13
201301,"ARBOLADO","RECLAMO","NUEVA POMPEYA",70,4
201301,"ARBOLADO","RECLAMO","PALERMO",92,14
201301,"ARBOLADO","RECLAMO","PARQUE AVELLANEDA",43,9
201301,"ARBOLADO","RECLAMO","PARQUE CHACABUCO",48,7
201301,"ARBOLADO","RECLAMO","PARQUE CHAS",14,15
201301,"ARBOLADO","RECLAMO","PARQUE PATRICIOS",43,4
201301,"ARBOLADO","RECLAMO","PATERNAL",55,15
201301,"ARBOLADO","RECLAMO","RECOLETA",24,2
201301,"ARBOLADO","RECLAMO","RETIRO",5,1
201301,"ARBOLADO","RECLAMO","SAAVEDRA",63,12
201301,"ARBOLADO","RECLAMO","SAN CRISTOBAL",24,3
201301,"ARBOLADO","RECLAMO","SAN NICOLAS",5,1
201301,"ARBOLADO","RECLAMO","SAN TELMO",3,1
201301,"ARBOLADO","RECLAMO","VELEZ SARSFIELD",33,10
201301,"ARBOLADO","RECLAMO","VERSALLES",26,10
201301,"ARBOLADO","RECLAMO","VILLA CRESPO",61,15
201301,"ARBOLADO","RECLAMO","VILLA DEL PARQUE",56,11
201301,"ARBOLADO","RECLAMO","VILLA DEVOTO",59,11
201301,"ARBOLADO","RECLAMO","VILLA GRAL. MITRE",43,11
201301,"ARBOLADO","RECLAMO","VILLA LUGANO",60,8
201301,"ARBOLADO","RECLAMO","VILLA LURO",27,10
201301,"ARBOLADO","RECLAMO","VILLA ORTUZAR",29,15
201301,"ARBOLADO","RECLAMO","VILLA PUEYRREDON",49,12
201301,"ARBOLADO","RECLAMO","VILLA REAL",16,10
201301,"ARBOLADO","RECLAMO","VILLA RIACHUELO",9,8
201301,"ARBOLADO","RECLAMO","VILLA SANTA RITA",47,11
201301,"ARBOLADO","RECLAMO","VILLA SOLDATI",20,8
201301,"ARBOLADO","RECLAMO","VILLA URQUIZA",80,12
201301,"ARBOLADO","SOLICITUD","AGRONOMIA",14,15
201301,"ARBOLADO","SOLICITUD","ALMAGRO",62,5
201301,"ARBOLADO","SOLICITUD","BALVANERA",32,3
201301,"ARBOLADO","SOLICITUD","BARRACAS",35,4
201301,"ARBOLADO","SOLICITUD","BELGRANO",52,13
201301,"ARBOLADO","SOLICITUD","BOCA",11,4
201301,"ARBOLADO","SOLICITUD","BOEDO",30,5
201301,"ARBOLADO","SOLICITUD","CABALLITO",77,6
201301,"ARBOLADO","SOLICITUD","CHACARITA",10,15
201301,"ARBOLADO","SOLICITUD","COGHLAN",16,12
201301,"ARBOLADO","SOLICITUD","COLEGIALES",21,13
201301,"ARBOLADO","SOLICITUD","CONSTITUCION",5,1
201301,"ARBOLADO","SOLICITUD","FLORES",69,7
201301,"ARBOLADO","SOLICITUD","FLORESTA",17,10
201301,"ARBOLADO","SOLICITUD","LINIERS",29,9
201301,"ARBOLADO","SOLICITUD","MATADEROS",58,9
201301,"ARBOLADO","SOLICITUD","MONSERRAT",5,1
201301,"ARBOLADO","SOLICITUD","MONTE CASTRO",26,10
201301,"ARBOLADO","SOLICITUD","NUÑEZ",23,13
201301,"ARBOLADO","SOLICITUD","NUEVA POMPEYA",51,4
201301,"ARBOLADO","SOLICITUD","PALERMO",66,14
201301,"ARBOLADO","SOLICITUD","PARQUE AVELLANEDA",44,9
201301,"ARBOLADO","SOLICITUD","PARQUE CHACABUCO",42,7
201301,"ARBOLADO","SOLICITUD","PARQUE CHAS",16,15
201301,"ARBOLADO","SOLICITUD","PARQUE PATRICIOS",18,4
201301,"ARBOLADO","SOLICITUD","PATERNAL",15,15
201301,"ARBOLADO","SOLICITUD","RECOLETA",22,2
201301,"ARBOLADO","SOLICITUD","RETIRO",4,1
201301,"ARBOLADO","SOLICITUD","SAAVEDRA",38,12
201301,"ARBOLADO","SOLICITUD","SAN CRISTOBAL",19,3
201301,"ARBOLADO","SOLICITUD","SAN NICOLAS",3,1
201301,"ARBOLADO","SOLICITUD","SAN TELMO",4,1
201301,"ARBOLADO","SOLICITUD","VELEZ SARSFIELD",22,10
201301,"ARBOLADO","SOLICITUD","VERSALLES",19,10
201301,"ARBOLADO","SOLICITUD","VILLA CRESPO",46,15
201301,"ARBOLADO","SOLICITUD","VILLA DEL PARQUE",46,11
201301,"ARBOLADO","SOLICITUD","VILLA DEVOTO",70,11
201301,"ARBOLADO","SOLICITUD","VILLA GRAL. MITRE",19,11
201301,"ARBOLADO","SOLICITUD","VILLA LUGANO",40,8
201301,"ARBOLADO","SOLICITUD","VILLA LURO",16,10
201301,"ARBOLADO","SOLICITUD","VILLA ORTUZAR",23,15
201301,"ARBOLADO","SOLICITUD","VILLA PUEYRREDON",46,12
201301,"ARBOLADO","SOLICITUD","VILLA REAL",16,10
201301,"ARBOLADO","SOLICITUD","VILLA RIACHUELO",12,8
201301,"ARBOLADO","SOLICITUD","VILLA SANTA RITA",33,11
201301,"ARBOLADO","SOLICITUD","VILLA SOLDATI",22,8
201301,"ARBOLADO","SOLICITUD","VILLA URQUIZA",71,12
201301,"ATENCION SOCIAL","RECLAMO","AGRONOMIA",1,15
201301,"ATENCION SOCIAL","RECLAMO","ALMAGRO",76,5
201301,"ATENCION SOCIAL","RECLAMO","BALVANERA",140,3
201301,"ATENCION SOCIAL","RECLAMO","BARRACAS",62,4
201301,"ATENCION SOCIAL","RECLAMO","BELGRANO",54,13
201301,"ATENCION SOCIAL","RECLAMO","BOCA",54,4
201301,"ATENCION SOCIAL","RECLAMO","BOEDO",29,5
201301,"ATENCION SOCIAL","RECLAMO","CABALLITO",59,6
201301,"ATENCION SOCIAL","RECLAMO","CHACARITA",13,15
201301,"ATENCION SOCIAL","RECLAMO","COGHLAN",5,12
201301,"ATENCION SOCIAL","RECLAMO","COLEGIALES",16,13
201301,"ATENCION SOCIAL","RECLAMO","CONSTITUCION",114,1
201301,"ATENCION SOCIAL","RECLAMO","ERRORNOHAYRESULTADOS",2,NA
201301,"ATENCION SOCIAL","RECLAMO","FLORES",86,7
201301,"ATENCION SOCIAL","RECLAMO","FLORESTA",15,10
201301,"ATENCION SOCIAL","RECLAMO","LINIERS",11,9
201301,"ATENCION SOCIAL","RECLAMO","MATADEROS",16,9
201301,"ATENCION SOCIAL","RECLAMO","MONSERRAT",78,1
201301,"ATENCION SOCIAL","RECLAMO","MONTE CASTRO",8,10
201301,"ATENCION SOCIAL","RECLAMO","NUÑEZ",8,13
201301,"ATENCION SOCIAL","RECLAMO","NUEVA POMPEYA",28,4
201301,"ATENCION SOCIAL","RECLAMO","PALERMO",128,14
201301,"ATENCION SOCIAL","RECLAMO","PARQUE AVELLANEDA",10,9
201301,"ATENCION SOCIAL","RECLAMO","PARQUE CHACABUCO",28,7
201301,"ATENCION SOCIAL","RECLAMO","PARQUE PATRICIOS",61,4
201301,"ATENCION SOCIAL","RECLAMO","PATERNAL",10,15
201301,"ATENCION SOCIAL","RECLAMO","PUERTO MADERO",4,1
201301,"ATENCION SOCIAL","RECLAMO","RECOLETA",106,2
201301,"ATENCION SOCIAL","RECLAMO","RETIRO",152,1
201301,"ATENCION SOCIAL","RECLAMO","SAAVEDRA",20,12
201301,"ATENCION SOCIAL","RECLAMO","SAN CRISTOBAL",36,3
201301,"ATENCION SOCIAL","RECLAMO","SAN NICOLAS",127,1
201301,"ATENCION SOCIAL","RECLAMO","SAN TELMO",65,1
201301,"ATENCION SOCIAL","RECLAMO","VELEZ SARSFIELD",5,10
201301,"ATENCION SOCIAL","RECLAMO","VERSALLES",1,10
201301,"ATENCION SOCIAL","RECLAMO","VILLA CRESPO",18,15
201301,"ATENCION SOCIAL","RECLAMO","VILLA DEL PARQUE",4,11
201301,"ATENCION SOCIAL","RECLAMO","VILLA DEVOTO",12,11
201301,"ATENCION SOCIAL","RECLAMO","VILLA GRAL. MITRE",5,11
201301,"ATENCION SOCIAL","RECLAMO","VILLA LUGANO",8,8
201301,"ATENCION SOCIAL","RECLAMO","VILLA LURO",4,10
201301,"ATENCION SOCIAL","RECLAMO","VILLA ORTUZAR",2,15
201301,"ATENCION SOCIAL","RECLAMO","VILLA PUEYRREDON",1,12
201301,"ATENCION SOCIAL","RECLAMO","VILLA RIACHUELO",1,8
201301,"ATENCION SOCIAL","RECLAMO","VILLA SANTA RITA",1,11
201301,"ATENCION SOCIAL","RECLAMO","VILLA SOLDATI",3,8
201301,"ATENCION SOCIAL","RECLAMO","VILLA URQUIZA",11,12
201301,"AUTORSERVICIO","DENUNCIA","ALMAGRO",1,5
201301,"AUTORSERVICIO","DENUNCIA","BARRACAS",1,4
201301,"AUTORSERVICIO","DENUNCIA","BELGRANO",1,13
201301,"AUTORSERVICIO","DENUNCIA","CABALLITO",1,6
201301,"AUTORSERVICIO","DENUNCIA","CONSTITUCION",1,1
201301,"AUTORSERVICIO","DENUNCIA","PARQUE AVELLANEDA",1,9
201301,"AUTORSERVICIO","DENUNCIA","PARQUE PATRICIOS",1,4
201301,"AUTORSERVICIO","DENUNCIA","RECOLETA",1,2
201301,"AUTORSERVICIO","DENUNCIA","SAAVEDRA",1,12
201301,"AUTORSERVICIO","DENUNCIA","SAN NICOLAS",1,1
201301,"AUTORSERVICIO","DENUNCIA","VILLA DEVOTO",5,11
201301,"AUTORSERVICIO","DENUNCIA","VILLA URQUIZA",2,12
201301,"BANCO / CAJEROS / ENTIDADES FINANCIERAS","DENUNCIA","CONSTITUCION",1,1
201301,"BANCO / CAJEROS / ENTIDADES FINANCIERAS","DENUNCIA","MONSERRAT",1,1
201301,"BANCO / CAJEROS / ENTIDADES FINANCIERAS","DENUNCIA","VILLA LUGANO",1,8
201301,"BANCO / CAJEROS / ENTIDADES FINANCIERAS","DENUNCIA","VILLA URQUIZA",1,12
201301,"CAFE / BAR","DENUNCIA","ALMAGRO",6,5
201301,"CAFE / BAR","DENUNCIA","BELGRANO",1,13
201301,"CAFE / BAR","DENUNCIA","BOEDO",2,5
201301,"CAFE / BAR","DENUNCIA","LINIERS",1,9
201301,"CAFE / BAR","DENUNCIA","MONSERRAT",5,1
201301,"CAFE / BAR","DENUNCIA","PALERMO",7,14
201301,"CAFE / BAR","DENUNCIA","PARQUE AVELLANEDA",1,9
201301,"CAFE / BAR","DENUNCIA","PARQUE PATRICIOS",1,4
201301,"CAFE / BAR","DENUNCIA","PUERTO MADERO",1,1
201301,"CAFE / BAR","DENUNCIA","RECOLETA",2,2
201301,"CAFE / BAR","DENUNCIA","SAN NICOLAS",4,1
201301,"CAFE / BAR","DENUNCIA","SAN TELMO",2,1
201301,"CAFE / BAR","DENUNCIA","VILLA DEVOTO",1,11
201301,"CAFE / BAR","DENUNCIA","VILLA ORTUZAR",1,15
201301,"CAFE / BAR","DENUNCIA","VILLA SANTA RITA",1,11
201301,"CARNICERIA / PESCADERIA / POLLERIA","DENUNCIA","BELGRANO",1,13
201301,"CARNICERIA / PESCADERIA / POLLERIA","DENUNCIA","CABALLITO",2,6
201301,"CARNICERIA / PESCADERIA / POLLERIA","DENUNCIA","FLORES",2,7
201301,"CARNICERIA / PESCADERIA / POLLERIA","DENUNCIA","MATADEROS",1,9
201301,"CARNICERIA / PESCADERIA / POLLERIA","DENUNCIA","NUEVA POMPEYA",1,4
201301,"CARNICERIA / PESCADERIA / POLLERIA","DENUNCIA","PARQUE AVELLANEDA",1,9
201301,"CARNICERIA / PESCADERIA / POLLERIA","DENUNCIA","PARQUE PATRICIOS",2,4
201301,"CARNICERIA / PESCADERIA / POLLERIA","DENUNCIA","RECOLETA",2,2
201301,"CARNICERIA / PESCADERIA / POLLERIA","DENUNCIA","SAN CRISTOBAL",1,3
201301,"CARNICERIA / PESCADERIA / POLLERIA","DENUNCIA","VILLA CRESPO",1,15
201301,"CARNICERIA / PESCADERIA / POLLERIA","DENUNCIA","VILLA DEL PARQUE",2,11
201301,"CARNICERIA / PESCADERIA / POLLERIA","DENUNCIA","VILLA DEVOTO",2,11
201301,"CASA DE COMIDAS","DENUNCIA","ALMAGRO",1,5
201301,"CASA DE COMIDAS","DENUNCIA","BALVANERA",12,3
201301,"CASA DE COMIDAS","DENUNCIA","BARRACAS",3,4
201301,"CASA DE COMIDAS","DENUNCIA","BELGRANO",7,13
201301,"CASA DE COMIDAS","DENUNCIA","BOCA",1,4
201301,"CASA DE COMIDAS","DENUNCIA","BOEDO",2,5
201301,"CASA DE COMIDAS","DENUNCIA","CABALLITO",6,6
201301,"CASA DE COMIDAS","DENUNCIA","COLEGIALES",1,13
201301,"CASA DE COMIDAS","DENUNCIA","CONSTITUCION",3,1
201301,"CASA DE COMIDAS","DENUNCIA","FLORES",1,7
201301,"CASA DE COMIDAS","DENUNCIA","LINIERS",1,9
201301,"CASA DE COMIDAS","DENUNCIA","MONSERRAT",1,1
201301,"CASA DE COMIDAS","DENUNCIA","MONTE CASTRO",1,10
201301,"CASA DE COMIDAS","DENUNCIA","NUEVA POMPEYA",3,4
201301,"CASA DE COMIDAS","DENUNCIA","PALERMO",8,14
201301,"CASA DE COMIDAS","DENUNCIA","PARQUE CHACABUCO",2,7
201301,"CASA DE COMIDAS","DENUNCIA","PARQUE PATRICIOS",3,4
201301,"CASA DE COMIDAS","DENUNCIA","PUERTO MADERO",1,1
201301,"CASA DE COMIDAS","DENUNCIA","RECOLETA",3,2
201301,"CASA DE COMIDAS","DENUNCIA","SAN CRISTOBAL",1,3
201301,"CASA DE COMIDAS","DENUNCIA","SAN NICOLAS",6,1
201301,"CASA DE COMIDAS","DENUNCIA","VELEZ SARSFIELD",1,10
201301,"CASA DE COMIDAS","DENUNCIA","VILLA CRESPO",5,15
201301,"CASA DE COMIDAS","DENUNCIA","VILLA DEL PARQUE",1,11
201301,"CASA DE COMIDAS","DENUNCIA","VILLA DEVOTO",2,11
201301,"CASA DE COMIDAS","DENUNCIA","VILLA GRAL. MITRE",1,11
201301,"CASA DE COMIDAS","DENUNCIA","VILLA LUGANO",1,8
201301,"CASA DE COMIDAS","DENUNCIA","VILLA LURO",1,10
201301,"CASA DE COMIDAS","DENUNCIA","VILLA ORTUZAR",1,15
201301,"CASA DE COMIDAS","DENUNCIA","VILLA PUEYRREDON",2,12
201301,"CASA DE COMIDAS","DENUNCIA","VILLA SANTA RITA",4,11
201301,"CASA DE COMIDAS","DENUNCIA","VILLA URQUIZA",1,12
201301,"CEMENTERIOS","QUEJA","CHACARITA",1,15
201301,"CEMENTERIOS","RECLAMO","CHACARITA",1,15
201301,"CEMENTERIOS","RECLAMO","FLORES",1,7
201301,"CENTRO DE EXPOSICIONES / MUSEO PRIVADO","DENUNCIA","PALERMO",1,14
201301,"CENTRO DE REPOSO / CONVALECENCIA / REHABILITACION","DENUNCIA","ALMAGRO",1,5
201301,"CENTRO DE REPOSO / CONVALECENCIA / REHABILITACION","DENUNCIA","VILLA SOLDATI",1,8
201301,"CIBER","DENUNCIA","BALVANERA",2,3
201301,"CIBER","DENUNCIA","NUEVA POMPEYA",2,4
201301,"CINE","DENUNCIA","RECOLETA",1,2
201301,"CINE","DENUNCIA","SAAVEDRA",1,12
201301,"CLUBES Y POLIDEPORTIVOS","DENUNCIA","CABALLITO",1,6
201301,"CLUBES Y POLIDEPORTIVOS","DENUNCIA","NUEVA POMPEYA",1,4
201301,"CLUBES Y POLIDEPORTIVOS","DENUNCIA","PARQUE CHAS",1,15
201301,"CLUBES Y POLIDEPORTIVOS","DENUNCIA","RECOLETA",2,2
201301,"COLECTIVO","RECLAMO","ALMAGRO",1,5
201301,"COLECTIVO","RECLAMO","BALVANERA",2,3
201301,"COLECTIVO","RECLAMO","BARRACAS",1,4
201301,"COLECTIVO","RECLAMO","BOCA",1,4
201301,"COLECTIVO","RECLAMO","CABALLITO",4,6
201301,"COLECTIVO","RECLAMO","CHACARITA",2,15
201301,"COLECTIVO","RECLAMO","COLEGIALES",2,13
201301,"COLECTIVO","RECLAMO","FLORES",1,7
201301,"COLECTIVO","RECLAMO","MONSERRAT",2,1
201301,"COLECTIVO","RECLAMO","NUEVA POMPEYA",3,4
201301,"COLECTIVO","RECLAMO","PALERMO",3,14
201301,"COLECTIVO","RECLAMO","RECOLETA",3,2
201301,"COLECTIVO","RECLAMO","RETIRO",1,1
201301,"COLECTIVO","RECLAMO","SAN NICOLAS",1,1
201301,"COLECTIVO","RECLAMO","VILLA LUGANO",3,8
201301,"COLECTIVO","RECLAMO","VILLA SOLDATI",1,8
201301,"COLECTIVO","RECLAMO","VILLA URQUIZA",2,12
201301,"COLECTIVO","SOLICITUD","CABALLITO",1,6
201301,"COLECTIVO","SOLICITUD","COLEGIALES",4,13
201301,"COLECTIVO","SOLICITUD","MONSERRAT",1,1
201301,"COLECTIVO","SOLICITUD","NUÑEZ",1,13
201301,"COLECTIVO","SOLICITUD","NUEVA POMPEYA",1,4
201301,"COLECTIVO","SOLICITUD","PALERMO",1,14
201301,"COLECTIVO","SOLICITUD","SAN CRISTOBAL",1,3
201301,"COLECTIVO","SOLICITUD","VELEZ SARSFIELD",1,10
201301,"COLECTIVO","SOLICITUD","VILLA URQUIZA",1,12
201301,"COLONIA DE VACACIONES","DENUNCIA","PALERMO",1,14
201301,"COLONIA DE VACACIONES","DENUNCIA","RECOLETA",1,2
201301,"COMPUTACION / TELEFONIA / ELECTRODOMESTICOS","DENUNCIA","ALMAGRO",1,5
201301,"COMPUTACION / TELEFONIA / ELECTRODOMESTICOS","DENUNCIA","CHACARITA",1,15
201301,"COMPUTACION / TELEFONIA / ELECTRODOMESTICOS","DENUNCIA","FLORESTA",1,10
201301,"COMPUTACION / TELEFONIA / ELECTRODOMESTICOS","DENUNCIA","VILLA CRESPO",1,15
201301,"CONCESIONARIO DE AUTOS / VENTA DE VEHICULOS","DENUNCIA","NUÑEZ",1,13
201301,"CONCESIONARIO DE AUTOS / VENTA DE VEHICULOS","DENUNCIA","VILLA PUEYRREDON",1,12
201301,"CONSULTORIO / CENTRO MEDICO / PREST. AMBULATORIAS","DENUNCIA","ALMAGRO",2,5
201301,"CONSULTORIO / CENTRO MEDICO / PREST. AMBULATORIAS","DENUNCIA","BELGRANO",1,13
201301,"CONSULTORIO / CENTRO MEDICO / PREST. AMBULATORIAS","DENUNCIA","CONSTITUCION",1,1
201301,"CONSULTORIO / CENTRO MEDICO / PREST. AMBULATORIAS","DENUNCIA","FLORESTA",1,10
201301,"CONSULTORIO / CENTRO MEDICO / PREST. AMBULATORIAS","DENUNCIA","RECOLETA",1,2
201301,"CONSULTORIO / CENTRO MEDICO / PREST. AMBULATORIAS","DENUNCIA","VILLA CRESPO",1,15
201301,"CONSULTORIO / CENTRO MEDICO / PREST. AMBULATORIAS","DENUNCIA","VILLA URQUIZA",1,12
201301,"DELIVERY DE BEBIDAS ALCHOLICAS","DENUNCIA","VELEZ SARSFIELD",1,10
201301,"DELIVERY DE BEBIDAS ALCHOLICAS","DENUNCIA","VILLA SOLDATI",1,8
201301,"DENUNCIAS SOBRE INCONDUCTAS REFERIDAS A LA ACTUACION POLICIAL","DENUNCIA","BOCA",1,4
201301,"DENUNCIAS SOBRE INCONDUCTAS REFERIDAS A LA ACTUACION POLICIAL","DENUNCIA","CONSTITUCION",1,1
201301,"DENUNCIAS SOBRE INCONDUCTAS REFERIDAS A LA ACTUACION POLICIAL","DENUNCIA","PARQUE AVELLANEDA",1,9
201301,"DENUNCIAS SOBRE INCONDUCTAS REFERIDAS A LA ACTUACION POLICIAL","DENUNCIA","VILLA ORTUZAR",1,15
201301,"DENUNCIAS SOBRE INCONDUCTAS REFERIDAS A LA ACTUACION POLICIAL","DENUNCIA","VILLA URQUIZA",1,12
201301,"DEPOSITO","DENUNCIA","ALMAGRO",1,5
201301,"DEPOSITO","DENUNCIA","BARRACAS",1,4
201301,"DEPOSITO","DENUNCIA","LINIERS",3,9
201301,"DEPOSITO","DENUNCIA","NUEVA POMPEYA",1,4
201301,"DEPOSITO","DENUNCIA","PARQUE PATRICIOS",1,4
201301,"DEPOSITO","DENUNCIA","RECOLETA",1,2
201301,"DEPOSITO","DENUNCIA","VILLA GRAL. MITRE",4,11
201301,"DEPOSITO DE ACTIVIDAD GANADERA Y/O AGRICOLA","DENUNCIA","MATADEROS",1,9
201301,"DEPOSITO DE ALIMENTOS / BEBIDAS","DENUNCIA","BARRACAS",2,4
201301,"DEPOSITO DE ALIMENTOS / BEBIDAS","DENUNCIA","FLORES",1,7
201301,"DEPOSITO DE PAPEL / CARTON Y AFINES","DENUNCIA","NUEVA POMPEYA",1,4
201301,"DEPOSITO DE PRODUCTOS DE ELECTRICIDAD Y AFINES","DENUNCIA","VILLA CRESPO",1,15
201301,"DEPOSITO DE PRODUCTOS QUIMICOS / PETROLEO","DENUNCIA","BALVANERA",1,3
201301,"DEPOSITO DE PRODUCTOS QUIMICOS / PETROLEO","DENUNCIA","CHACARITA",1,15
201301,"DEPOSITO DE TEXTIL Y AFINES","DENUNCIA","ALMAGRO",1,5
201301,"DEPOSITO DE TEXTIL Y AFINES","DENUNCIA","VILLA DEVOTO",1,11
201301,"DEPOSITO DE TEXTIL Y AFINES","DENUNCIA","VILLA GRAL. MITRE",1,11
201301,"DEPOSITO DE VEHICULOS / AUTOPARTES Y AFINES","DENUNCIA","BOEDO",1,5
201301,"DEPOSITO DE VEHICULOS / AUTOPARTES Y AFINES","DENUNCIA","VILLA CRESPO",1,15
201301,"DEPOSITO DE VEHICULOS / AUTOPARTES Y AFINES","DENUNCIA","VILLA LUGANO",1,8
201301,"DEPOSITO DE VIDRIO / CRISTALES Y AFINES","DENUNCIA","BALVANERA",2,3
201301,"DESARROLLO URBANO","RECLAMO","ALMAGRO",6,5
201301,"DESARROLLO URBANO","RECLAMO","BALVANERA",4,3
201301,"DESARROLLO URBANO","RECLAMO","BARRACAS",4,4
201301,"DESARROLLO URBANO","RECLAMO","BELGRANO",11,13
201301,"DESARROLLO URBANO","RECLAMO","BOCA",1,4
201301,"DESARROLLO URBANO","RECLAMO","CABALLITO",11,6
201301,"DESARROLLO URBANO","RECLAMO","CHACARITA",3,15
201301,"DESARROLLO URBANO","RECLAMO","COGHLAN",1,12
201301,"DESARROLLO URBANO","RECLAMO","COLEGIALES",2,13
201301,"DESARROLLO URBANO","RECLAMO","CONSTITUCION",5,1
201301,"DESARROLLO URBANO","RECLAMO","FLORES",9,7
201301,"DESARROLLO URBANO","RECLAMO","FLORESTA",3,10
201301,"DESARROLLO URBANO","RECLAMO","LINIERS",2,9
201301,"DESARROLLO URBANO","RECLAMO","MATADEROS",4,9
201301,"DESARROLLO URBANO","RECLAMO","MONSERRAT",7,1
201301,"DESARROLLO URBANO","RECLAMO","MONTE CASTRO",6,10
201301,"DESARROLLO URBANO","RECLAMO","NUÑEZ",3,13
201301,"DESARROLLO URBANO","RECLAMO","NUEVA POMPEYA",10,4
201301,"DESARROLLO URBANO","RECLAMO","PALERMO",9,14
201301,"DESARROLLO URBANO","RECLAMO","PARQUE AVELLANEDA",5,9
201301,"DESARROLLO URBANO","RECLAMO","PARQUE CHACABUCO",2,7
201301,"DESARROLLO URBANO","RECLAMO","PARQUE PATRICIOS",4,4
201301,"DESARROLLO URBANO","RECLAMO","PATERNAL",1,15
201301,"DESARROLLO URBANO","RECLAMO","RECOLETA",6,2
201301,"DESARROLLO URBANO","RECLAMO","RETIRO",3,1
201301,"DESARROLLO URBANO","RECLAMO","SAAVEDRA",5,12
201301,"DESARROLLO URBANO","RECLAMO","SAN CRISTOBAL",5,3
201301,"DESARROLLO URBANO","RECLAMO","SAN NICOLAS",1,1
201301,"DESARROLLO URBANO","RECLAMO","VERSALLES",3,10
201301,"DESARROLLO URBANO","RECLAMO","VILLA CRESPO",2,15
201301,"DESARROLLO URBANO","RECLAMO","VILLA DEL PARQUE",9,11
201301,"DESARROLLO URBANO","RECLAMO","VILLA DEVOTO",10,11
201301,"DESARROLLO URBANO","RECLAMO","VILLA LUGANO",3,8
201301,"DESARROLLO URBANO","RECLAMO","VILLA LURO",2,10
201301,"DESARROLLO URBANO","RECLAMO","VILLA ORTUZAR",1,15
201301,"DESARROLLO URBANO","RECLAMO","VILLA REAL",3,10
201301,"DESARROLLO URBANO","RECLAMO","VILLA SANTA RITA",1,11
201301,"DESARROLLO URBANO","RECLAMO","VILLA SOLDATI",4,8
201301,"DESARROLLO URBANO","RECLAMO","VILLA URQUIZA",9,12
201301,"DESPENSA / ALMACEN / HELADERIA / ETC.","DENUNCIA","ALMAGRO",1,5
201301,"DESPENSA / ALMACEN / HELADERIA / ETC.","DENUNCIA","CABALLITO",1,6
201301,"DESPENSA / ALMACEN / HELADERIA / ETC.","DENUNCIA","MATADEROS",1,9
201301,"DESPENSA / ALMACEN / HELADERIA / ETC.","DENUNCIA","RECOLETA",1,2
201301,"DESPENSA / ALMACEN / HELADERIA / ETC.","DENUNCIA","VILLA DEL PARQUE",2,11
201301,"DISCOTECA","DENUNCIA","BELGRANO",1,13
201301,"DISCOTECA","DENUNCIA","COLEGIALES",1,13
201301,"DISCOTECA","DENUNCIA","FLORES",1,7
201301,"DISCOTECA","DENUNCIA","MONSERRAT",1,1
201301,"DISCOTECA","DENUNCIA","NUEVA POMPEYA",2,4
201301,"DISCOTECA","DENUNCIA","PALERMO",2,14
201301,"DISCOTECA","DENUNCIA","PATERNAL",1,15
201301,"DISCOTECA","DENUNCIA","RETIRO",1,1
201301,"DISCOTECA","DENUNCIA","SAN NICOLAS",1,1
201301,"DISCOTECA","DENUNCIA","SAN TELMO",2,1
201301,"DISCOTECA","DENUNCIA","VILLA SANTA RITA",1,11
201301,"DONACION","SOLICITUD","COLEGIALES",1,13
201301,"DONACION","SOLICITUD","NUÑEZ",1,13
201301,"DONACION","SOLICITUD","PALERMO",9,14
201301,"DONACION","SOLICITUD","SAN NICOLAS",1,1
201301,"DONACION","SOLICITUD","VILLA CRESPO",1,15
201301,"DONACION","SOLICITUD","VILLA DEVOTO",1,11
201301,"DONACION","SOLICITUD","VILLA LURO",1,10
201301,"DONACION","SOLICITUD","VILLA URQUIZA",2,12
201301,"EMPRESA DE SERVICIOS DE LIMPIEZA / DESINFECCION","DENUNCIA","BOEDO",1,5
201301,"EMPRESAS DE REMISES / TAXI / ALQUILER VEHICULOS","DENUNCIA","SAAVEDRA",1,12
201301,"EMPRESAS DE TRANSPORTE DE CARGA","DENUNCIA","CABALLITO",1,6
201301,"EMPRESAS DE TRANSPORTE DE CARGA","DENUNCIA","NUEVA POMPEYA",1,4
201301,"EMPRESAS DE TRANSPORTE DE CARGA","DENUNCIA","VILLA LUGANO",1,8
201301,"EMPRESAS DE TRANSPORTE DE CARGA","DENUNCIA","VILLA SOLDATI",1,8
201301,"ESPACIO PUBLICO","DENUNCIA","ALMAGRO",19,5
201301,"ESPACIO PUBLICO","DENUNCIA","BALVANERA",43,3
201301,"ESPACIO PUBLICO","DENUNCIA","BARRACAS",6,4
201301,"ESPACIO PUBLICO","DENUNCIA","BELGRANO",10,13
201301,"ESPACIO PUBLICO","DENUNCIA","BOCA",11,4
201301,"ESPACIO PUBLICO","DENUNCIA","BOEDO",10,5
201301,"ESPACIO PUBLICO","DENUNCIA","CABALLITO",30,6
201301,"ESPACIO PUBLICO","DENUNCIA","CHACARITA",5,15
201301,"ESPACIO PUBLICO","DENUNCIA","COLEGIALES",9,13
201301,"ESPACIO PUBLICO","DENUNCIA","CONSTITUCION",3,1
201301,"ESPACIO PUBLICO","DENUNCIA","FLORES",20,7
201301,"ESPACIO PUBLICO","DENUNCIA","FLORESTA",10,10
201301,"ESPACIO PUBLICO","DENUNCIA","LINIERS",12,9
201301,"ESPACIO PUBLICO","DENUNCIA","MATADEROS",5,9
201301,"ESPACIO PUBLICO","DENUNCIA","MONSERRAT",11,1
201301,"ESPACIO PUBLICO","DENUNCIA","MONTE CASTRO",4,10
201301,"ESPACIO PUBLICO","DENUNCIA","NUÑEZ",10,13
201301,"ESPACIO PUBLICO","DENUNCIA","NUEVA POMPEYA",7,4
201301,"ESPACIO PUBLICO","DENUNCIA","PALERMO",48,14
201301,"ESPACIO PUBLICO","DENUNCIA","PARQUE AVELLANEDA",6,9
201301,"ESPACIO PUBLICO","DENUNCIA","PARQUE CHACABUCO",6,7
201301,"ESPACIO PUBLICO","DENUNCIA","PARQUE CHAS",2,15
201301,"ESPACIO PUBLICO","DENUNCIA","PARQUE PATRICIOS",3,4
201301,"ESPACIO PUBLICO","DENUNCIA","PATERNAL",9,15
201301,"ESPACIO PUBLICO","DENUNCIA","PUERTO MADERO",5,1
201301,"ESPACIO PUBLICO","DENUNCIA","RECOLETA",26,2
201301,"ESPACIO PUBLICO","DENUNCIA","RETIRO",11,1
201301,"ESPACIO PUBLICO","DENUNCIA","SAAVEDRA",11,12
201301,"ESPACIO PUBLICO","DENUNCIA","SAN CRISTOBAL",4,3
201301,"ESPACIO PUBLICO","DENUNCIA","SAN NICOLAS",12,1
201301,"ESPACIO PUBLICO","DENUNCIA","SAN TELMO",3,1
201301,"ESPACIO PUBLICO","DENUNCIA","VELEZ SARSFIELD",4,10
201301,"ESPACIO PUBLICO","DENUNCIA","VERSALLES",1,10
201301,"ESPACIO PUBLICO","DENUNCIA","VILLA CRESPO",11,15
201301,"ESPACIO PUBLICO","DENUNCIA","VILLA DEL PARQUE",7,11
201301,"ESPACIO PUBLICO","DENUNCIA","VILLA DEVOTO",12,11
201301,"ESPACIO PUBLICO","DENUNCIA","VILLA GRAL. MITRE",1,11
201301,"ESPACIO PUBLICO","DENUNCIA","VILLA LUGANO",3,8
201301,"ESPACIO PUBLICO","DENUNCIA","VILLA LURO",5,10
201301,"ESPACIO PUBLICO","DENUNCIA","VILLA ORTUZAR",4,15
201301,"ESPACIO PUBLICO","DENUNCIA","VILLA PUEYRREDON",2,12
201301,"ESPACIO PUBLICO","DENUNCIA","VILLA REAL",2,10
201301,"ESPACIO PUBLICO","DENUNCIA","VILLA RIACHUELO",3,8
201301,"ESPACIO PUBLICO","DENUNCIA","VILLA SANTA RITA",1,11
201301,"ESPACIO PUBLICO","DENUNCIA","VILLA SOLDATI",3,8
201301,"ESPACIO PUBLICO","DENUNCIA","VILLA URQUIZA",10,12
201301,"ESPACIO PUBLICO","RECLAMO","AGRONOMIA",1,15
201301,"ESPACIO PUBLICO","RECLAMO","ALMAGRO",1,5
201301,"ESPACIO PUBLICO","RECLAMO","BALVANERA",3,3
201301,"ESPACIO PUBLICO","RECLAMO","BARRACAS",2,4
201301,"ESPACIO PUBLICO","RECLAMO","BELGRANO",7,13
201301,"ESPACIO PUBLICO","RECLAMO","BOEDO",3,5
201301,"ESPACIO PUBLICO","RECLAMO","CABALLITO",6,6
201301,"ESPACIO PUBLICO","RECLAMO","CHACARITA",1,15
201301,"ESPACIO PUBLICO","RECLAMO","COLEGIALES",2,13
201301,"ESPACIO PUBLICO","RECLAMO","CONSTITUCION",1,1
201301,"ESPACIO PUBLICO","RECLAMO","FLORES",3,7
201301,"ESPACIO PUBLICO","RECLAMO","MATADEROS",1,9
201301,"ESPACIO PUBLICO","RECLAMO","MONSERRAT",2,1
201301,"ESPACIO PUBLICO","RECLAMO","MONTE CASTRO",2,10
201301,"ESPACIO PUBLICO","RECLAMO","NUÑEZ",1,13
201301,"ESPACIO PUBLICO","RECLAMO","PALERMO",15,14
201301,"ESPACIO PUBLICO","RECLAMO","PARQUE AVELLANEDA",1,9
201301,"ESPACIO PUBLICO","RECLAMO","PARQUE CHACABUCO",4,7
201301,"ESPACIO PUBLICO","RECLAMO","PARQUE PATRICIOS",4,4
201301,"ESPACIO PUBLICO","RECLAMO","RECOLETA",3,2
201301,"ESPACIO PUBLICO","RECLAMO","RETIRO",1,1
201301,"ESPACIO PUBLICO","RECLAMO","SAAVEDRA",2,12
201301,"ESPACIO PUBLICO","RECLAMO","SAN NICOLAS",1,1
201301,"ESPACIO PUBLICO","RECLAMO","SAN TELMO",1,1
201301,"ESPACIO PUBLICO","RECLAMO","VELEZ SARSFIELD",1,10
201301,"ESPACIO PUBLICO","RECLAMO","VILLA CRESPO",2,15
201301,"ESPACIO PUBLICO","RECLAMO","VILLA DEL PARQUE",4,11
201301,"ESPACIO PUBLICO","RECLAMO","VILLA DEVOTO",2,11
201301,"ESPACIO PUBLICO","RECLAMO","VILLA LUGANO",2,8
201301,"ESPACIO PUBLICO","RECLAMO","VILLA LURO",3,10
201301,"ESPACIO PUBLICO","RECLAMO","VILLA ORTUZAR",2,15
201301,"ESPACIO PUBLICO","RECLAMO","VILLA PUEYRREDON",1,12
201301,"ESPACIO PUBLICO","RECLAMO","VILLA REAL",1,10
201301,"ESPACIO PUBLICO","RECLAMO","VILLA RIACHUELO",1,8
201301,"ESPACIO PUBLICO","RECLAMO","VILLA SANTA RITA",1,11
201301,"ESPACIO PUBLICO","RECLAMO","VILLA URQUIZA",4,12
201301,"ESTABLECIMIENTOS EDUCATIVOS","DENUNCIA","BALVANERA",2,3
201301,"ESTABLECIMIENTOS EDUCATIVOS","DENUNCIA","CONSTITUCION",1,1
201301,"ESTABLECIMIENTOS EDUCATIVOS","DENUNCIA","LINIERS",1,9
201301,"ESTABLECIMIENTOS EDUCATIVOS","DENUNCIA","VILLA SOLDATI",1,8
201301,"ESTABLECIMIENTOS EDUCATIVOS PRIMARIOS Y SECUNDARIOS","DENUNCIA","VILLA ORTUZAR",1,15
201301,"ESTABLECIMIENTOS EDUCATIVOS TERCIARIOS, UNIVERSITARIOS Y POSGRADO","DENUNCIA","CABALLITO",1,6
201301,"ESTUDIO DE GRABACION DE SONIDOS","DENUNCIA","SAN NICOLAS",1,1
201301,"EVENTOS","DENUNCIA","BARRACAS",1,4
201301,"EVENTOS","DENUNCIA","BOEDO",1,5
201301,"EVENTOS","DENUNCIA","CHACARITA",1,15
201301,"EVENTOS","DENUNCIA","FLORES",1,7
201301,"EVENTOS","DENUNCIA","MATADEROS",1,9
201301,"EVENTOS","DENUNCIA","MONSERRAT",1,1
201301,"EVENTOS","DENUNCIA","PALERMO",2,14
201301,"EVENTOS","DENUNCIA","PARQUE AVELLANEDA",2,9
201301,"EVENTOS","DENUNCIA","RECOLETA",2,2
201301,"EVENTOS","DENUNCIA","SAAVEDRA",2,12
201301,"EVENTOS","DENUNCIA","VILLA GRAL. MITRE",1,11
201301,"EVENTOS","DENUNCIA","VILLA LURO",1,10
201301,"EVENTOS","DENUNCIA","VILLA URQUIZA",1,12
201301,"FABRICA","DENUNCIA","PARQUE AVELLANEDA",1,9
201301,"FABRICA","DENUNCIA","VILLA CRESPO",1,15
201301,"FABRICA","DENUNCIA","VILLA GRAL. MITRE",1,11
201301,"FABRICA","DENUNCIA","VILLA SOLDATI",1,8
201301,"FABRICA DE MARMOL / PORCELANA / YESO / PIEDRAS Y AFINES","DENUNCIA","PATERNAL",1,15
201301,"FABRICA DE MUEBLES / CARPINTERIA / ASERRADERO","DENUNCIA","MATADEROS",1,9
201301,"FABRICA DE MUEBLES / CARPINTERIA / ASERRADERO","DENUNCIA","VELEZ SARSFIELD",3,10
201301,"FABRICA DE PLASTICO Y AFINES","DENUNCIA","VILLA SOLDATI",1,8
201301,"FABRICA DE PRODUCTOS DE ELECTRICIDAD Y AFINES","DENUNCIA","NUEVA POMPEYA",1,4
201301,"FABRICA DE PRODUCTOS VARIOS (LIMPIEZA, ADORNO, ETC.)","DENUNCIA","PATERNAL",1,15
201301,"FABRICA DE PRODUCTOS VARIOS (LIMPIEZA, ADORNO, ETC.)","DENUNCIA","VILLA DEVOTO",1,11
201301,"FABRICA TEXTIL / CUERO Y AFINES","DENUNCIA","BALVANERA",1,3
201301,"FABRICA TEXTIL / CUERO Y AFINES","DENUNCIA","CABALLITO",1,6
201301,"FABRICA TEXTIL / CUERO Y AFINES","DENUNCIA","MATADEROS",1,9
201301,"FABRICA TEXTIL / CUERO Y AFINES","DENUNCIA","VILLA GRAL. MITRE",1,11
201301,"FARMACIA / PERFUMERIA","DENUNCIA","BALVANERA",1,3
201301,"FARMACIA / PERFUMERIA","DENUNCIA","PALERMO",1,14
201301,"FARMACIA / PERFUMERIA","DENUNCIA","PUERTO MADERO",1,1
201301,"FARMACIA / PERFUMERIA","DENUNCIA","RECOLETA",1,2
201301,"FERIAS Y MERCADOS","DENUNCIA","BELGRANO",1,13
201301,"FERIAS Y MERCADOS","DENUNCIA","COLEGIALES",1,13
201301,"FERIAS Y MERCADOS","DENUNCIA","PALERMO",1,14
201301,"FERIAS Y MERCADOS","DENUNCIA","VILLA LUGANO",1,8
201301,"FERRETERIA / PINTURERIA / CERRAJERIA","DENUNCIA","BALVANERA",1,3
201301,"FERRETERIA / PINTURERIA / CERRAJERIA","DENUNCIA","VILLA CRESPO",1,15
201301,"GALERIA Y CENTRO COMERCIAL","DENUNCIA","BOCA",1,4
201301,"GALERIA Y CENTRO COMERCIAL","DENUNCIA","CABALLITO",1,6
201301,"GERIATRICO","DENUNCIA","LINIERS",1,9
201301,"GERIATRICO","DENUNCIA","PARQUE PATRICIOS",1,4
201301,"GERIATRICO","DENUNCIA","SAAVEDRA",1,12
201301,"GERIATRICO","DENUNCIA","VILLA DEVOTO",2,11
201301,"GERIATRICO","DENUNCIA","VILLA LUGANO",3,8
201301,"GERIATRICO","DENUNCIA","VILLA ORTUZAR",1,15
201301,"GERIATRICO","DENUNCIA","VILLA SANTA RITA",1,11
201301,"GERIATRICO","DENUNCIA","VILLA URQUIZA",1,12
201301,"GIMNASIO","DENUNCIA","CHACARITA",1,15
201301,"GIMNASIO","DENUNCIA","NUÑEZ",1,13
201301,"GIMNASIO","DENUNCIA","VILLA URQUIZA",2,12
201301,"GUARDERIA / JARDIN DE INFANTES / PREESCOLAR","DENUNCIA","RECOLETA",1,2
201301,"GUARDERIA / JARDIN DE INFANTES / PREESCOLAR","DENUNCIA","SAN NICOLAS",1,1
201301,"HERRERIA / VIDRIERIA","DENUNCIA","COGHLAN",3,12
201301,"HERRERIA / VIDRIERIA","DENUNCIA","SAN CRISTOBAL",1,3
201301,"HERRERIA / VIDRIERIA","DENUNCIA","VILLA LUGANO",3,8
201301,"HOSPITAL / SANATORIO / CLINICA CON INTERNACION","DENUNCIA","BALVANERA",3,3
201301,"HOSPITAL / SANATORIO / CLINICA CON INTERNACION","DENUNCIA","BOCA",1,4
201301,"HOSPITAL / SANATORIO / CLINICA CON INTERNACION","DENUNCIA","FLORES",2,7
201301,"HOSPITAL / SANATORIO / CLINICA CON INTERNACION","DENUNCIA","MONTE CASTRO",1,10
201301,"HOSPITAL / SANATORIO / CLINICA CON INTERNACION","DENUNCIA","NUEVA POMPEYA",1,4
201301,"HOSPITAL / SANATORIO / CLINICA CON INTERNACION","DENUNCIA","PARQUE PATRICIOS",1,4
201301,"HOSPITAL / SANATORIO / CLINICA CON INTERNACION","DENUNCIA","RECOLETA",1,2
201301,"HOSPITAL / SANATORIO / CLINICA CON INTERNACION","DENUNCIA","SAN CRISTOBAL",1,3
201301,"HOSPITAL / SANATORIO / CLINICA CON INTERNACION","DENUNCIA","VILLA GRAL. MITRE",1,11
201301,"HOTEL / APPART","DENUNCIA","ALMAGRO",1,5
201301,"HOTEL / APPART","DENUNCIA","BALVANERA",5,3
201301,"HOTEL / APPART","DENUNCIA","BARRACAS",2,4
201301,"HOTEL / APPART","DENUNCIA","CABALLITO",1,6
201301,"HOTEL / APPART","DENUNCIA","COLEGIALES",1,13
201301,"HOTEL / APPART","DENUNCIA","CONSTITUCION",1,1
201301,"HOTEL / APPART","DENUNCIA","FLORES",2,7
201301,"HOTEL / APPART","DENUNCIA","FLORESTA",2,10
201301,"HOTEL / APPART","DENUNCIA","MONSERRAT",6,1
201301,"HOTEL / APPART","DENUNCIA","RECOLETA",1,2
201301,"HOTEL / APPART","DENUNCIA","SAN NICOLAS",1,1
201301,"HOTEL / APPART","DENUNCIA","SAN TELMO",2,1
201301,"HOTEL / APPART","DENUNCIA","VILLA CRESPO",1,15
201301,"HOTEL / APPART","DENUNCIA","VILLA PUEYRREDON",1,12
201301,"HOTEL / APPART","DENUNCIA","VILLA SANTA RITA",1,11
201301,"INDUMENTARIA / CALZADO / MARROQUINERIA","DENUNCIA","FLORES",1,7
201301,"INDUMENTARIA / CALZADO / MARROQUINERIA","DENUNCIA","PALERMO",2,14
201301,"INDUMENTARIA / CALZADO / MARROQUINERIA","DENUNCIA","VILLA CRESPO",1,15
201301,"JARDIN BOTANICO","RECLAMO","BALVANERA",1,3
201301,"JARDIN BOTANICO","RECLAMO","PALERMO",1,14
201301,"KIOSCO / MAXIKIOSCO","DENUNCIA","BALVANERA",3,3
201301,"KIOSCO / MAXIKIOSCO","DENUNCIA","BARRACAS",2,4
201301,"KIOSCO / MAXIKIOSCO","DENUNCIA","BELGRANO",2,13
201301,"KIOSCO / MAXIKIOSCO","DENUNCIA","BOEDO",1,5
201301,"KIOSCO / MAXIKIOSCO","DENUNCIA","COLEGIALES",1,13
201301,"KIOSCO / MAXIKIOSCO","DENUNCIA","CONSTITUCION",2,1
201301,"KIOSCO / MAXIKIOSCO","DENUNCIA","LINIERS",1,9
201301,"KIOSCO / MAXIKIOSCO","DENUNCIA","MONSERRAT",2,1
201301,"KIOSCO / MAXIKIOSCO","DENUNCIA","MONTE CASTRO",1,10
201301,"KIOSCO / MAXIKIOSCO","DENUNCIA","PALERMO",3,14
201301,"KIOSCO / MAXIKIOSCO","DENUNCIA","PARQUE AVELLANEDA",3,9
201301,"KIOSCO / MAXIKIOSCO","DENUNCIA","PARQUE PATRICIOS",1,4
201301,"KIOSCO / MAXIKIOSCO","DENUNCIA","PATERNAL",1,15
201301,"KIOSCO / MAXIKIOSCO","DENUNCIA","RECOLETA",4,2
201301,"KIOSCO / MAXIKIOSCO","DENUNCIA","SAN NICOLAS",1,1
201301,"KIOSCO / MAXIKIOSCO","DENUNCIA","VELEZ SARSFIELD",1,10
201301,"KIOSCO / MAXIKIOSCO","DENUNCIA","VILLA DEVOTO",2,11
201301,"KIOSCO / MAXIKIOSCO","DENUNCIA","VILLA LUGANO",2,8
201301,"KIOSCO / MAXIKIOSCO","DENUNCIA","VILLA PUEYRREDON",2,12
201301,"LABORATORIO","DENUNCIA","CONSTITUCION",2,1
201301,"LAVADERO DE AUTOS","DENUNCIA","CABALLITO",1,6
201301,"LAVADERO DE AUTOS","DENUNCIA","FLORESTA",1,10
201301,"LAVADERO DE AUTOS","DENUNCIA","LINIERS",1,9
201301,"LAVADERO DE AUTOS","DENUNCIA","MATADEROS",2,9
201301,"LAVADERO DE AUTOS","DENUNCIA","NUEVA POMPEYA",1,4
201301,"LAVADERO DE AUTOS","DENUNCIA","PALERMO",1,14
201301,"LAVADERO DE AUTOS","DENUNCIA","VILLA ORTUZAR",2,15
201301,"LAVADERO DE AUTOS","DENUNCIA","VILLA PUEYRREDON",1,12
201301,"LAVADERO DE AUTOS","DENUNCIA","VILLA URQUIZA",1,12
201301,"LIBRERIA / PAPELERIA / EDITORIAL","DENUNCIA","COLEGIALES",1,13
201301,"LIMPIEZA / DESINFECCION","DENUNCIA","SAN NICOLAS",1,1
201301,"LOCAL CON BAILE (BAR, PUB, RESTAURANT, OTROS)","DENUNCIA","ALMAGRO",1,5
201301,"LOCAL CON BAILE (BAR, PUB, RESTAURANT, OTROS)","DENUNCIA","BELGRANO",1,13
201301,"LOCAL CON BAILE (BAR, PUB, RESTAURANT, OTROS)","DENUNCIA","LINIERS",1,9
201301,"LOCAL CON BAILE (BAR, PUB, RESTAURANT, OTROS)","DENUNCIA","MONSERRAT",1,1
201301,"LOCAL CON BAILE (BAR, PUB, RESTAURANT, OTROS)","DENUNCIA","PALERMO",1,14
201301,"LOCAL CON BAILE (BAR, PUB, RESTAURANT, OTROS)","DENUNCIA","RECOLETA",1,2
201301,"LOCAL CON BAILE (BAR, PUB, RESTAURANT, OTROS)","DENUNCIA","SAN CRISTOBAL",1,3
201301,"LOCAL CON BAILE (BAR, PUB, RESTAURANT, OTROS)","DENUNCIA","VILLA CRESPO",1,15
201301,"LOCAL CON BAILE (BAR, PUB, RESTAURANT, OTROS)","DENUNCIA","VILLA DEVOTO",2,11
201301,"LOCUTORIO / CORREO / AGENCIA DE LOTERIA","DENUNCIA","PARQUE PATRICIOS",1,4
201301,"LOCUTORIO / CORREO / AGENCIA DE LOTERIA","DENUNCIA","RECOLETA",1,2
201301,"MAL ESTACIONAMIENTO","DENUNCIA","ALMAGRO",8,5
201301,"MAL ESTACIONAMIENTO","DENUNCIA","BALVANERA",7,3
201301,"MAL ESTACIONAMIENTO","DENUNCIA","BARRACAS",1,4
201301,"MAL ESTACIONAMIENTO","DENUNCIA","BELGRANO",3,13
201301,"MAL ESTACIONAMIENTO","DENUNCIA","CHACARITA",2,15
201301,"MAL ESTACIONAMIENTO","DENUNCIA","COGHLAN",1,12
201301,"MAL ESTACIONAMIENTO","DENUNCIA","COLEGIALES",4,13
201301,"MAL ESTACIONAMIENTO","DENUNCIA","CONSTITUCION",6,1
201301,"MAL ESTACIONAMIENTO","DENUNCIA","FLORES",7,7
201301,"MAL ESTACIONAMIENTO","DENUNCIA","FLORESTA",1,10
201301,"MAL ESTACIONAMIENTO","DENUNCIA","MATADEROS",2,9
201301,"MAL ESTACIONAMIENTO","DENUNCIA","MONSERRAT",3,1
201301,"MAL ESTACIONAMIENTO","DENUNCIA","NUÑEZ",15,13
201301,"MAL ESTACIONAMIENTO","DENUNCIA","NUEVA POMPEYA",8,4
201301,"MAL ESTACIONAMIENTO","DENUNCIA","PALERMO",24,14
201301,"MAL ESTACIONAMIENTO","DENUNCIA","PARQUE AVELLANEDA",1,9
201301,"MAL ESTACIONAMIENTO","DENUNCIA","PARQUE CHACABUCO",2,7
201301,"MAL ESTACIONAMIENTO","DENUNCIA","PARQUE PATRICIOS",1,4
201301,"MAL ESTACIONAMIENTO","DENUNCIA","PATERNAL",1,15
201301,"MAL ESTACIONAMIENTO","DENUNCIA","PUERTO MADERO",11,1
201301,"MAL ESTACIONAMIENTO","DENUNCIA","RECOLETA",9,2
201301,"MAL ESTACIONAMIENTO","DENUNCIA","RETIRO",1,1
201301,"MAL ESTACIONAMIENTO","DENUNCIA","SAAVEDRA",1,12
201301,"MAL ESTACIONAMIENTO","DENUNCIA","SAN CRISTOBAL",2,3
201301,"MAL ESTACIONAMIENTO","DENUNCIA","SAN NICOLAS",2,1
201301,"MAL ESTACIONAMIENTO","DENUNCIA","SAN TELMO",5,1
201301,"MAL ESTACIONAMIENTO","DENUNCIA","VILLA CRESPO",6,15
201301,"MAL ESTACIONAMIENTO","DENUNCIA","VILLA DEL PARQUE",3,11
201301,"MAL ESTACIONAMIENTO","DENUNCIA","VILLA DEVOTO",3,11
201301,"MAL ESTACIONAMIENTO","DENUNCIA","VILLA LURO",1,10
201301,"MAL ESTACIONAMIENTO","DENUNCIA","VILLA ORTUZAR",1,15
201301,"MAL ESTACIONAMIENTO","DENUNCIA","VILLA PUEYRREDON",5,12
201301,"MAL ESTACIONAMIENTO","DENUNCIA","VILLA RIACHUELO",1,8
201301,"MAL ESTACIONAMIENTO","DENUNCIA","VILLA SANTA RITA",1,11
201301,"MAL ESTACIONAMIENTO","DENUNCIA","VILLA URQUIZA",9,12
201301,"MANTENIMIENTO Y TALLERES","RECLAMO","CABALLITO",1,6
201301,"MANTENIMIENTO Y TALLERES","RECLAMO","COLEGIALES",1,13
201301,"MANTENIMIENTO Y TALLERES","RECLAMO","VILLA DEL PARQUE",1,11
201301,"MANTENIMIENTO Y TALLERES","SOLICITUD","BELGRANO",2,13
201301,"MANTENIMIENTO Y TALLERES","SOLICITUD","CABALLITO",4,6
201301,"MANTENIMIENTO Y TALLERES","SOLICITUD","COLEGIALES",3,13
201301,"MANTENIMIENTO Y TALLERES","SOLICITUD","CONSTITUCION",1,1
201301,"MANTENIMIENTO Y TALLERES","SOLICITUD","FLORES",3,7
201301,"MANTENIMIENTO Y TALLERES","SOLICITUD","PARQUE CHACABUCO",1,7
201301,"MANTENIMIENTO Y TALLERES","SOLICITUD","PARQUE CHAS",1,15
201301,"MANTENIMIENTO Y TALLERES","SOLICITUD","PARQUE PATRICIOS",1,4
201301,"MANTENIMIENTO Y TALLERES","SOLICITUD","VILLA CRESPO",1,15
201301,"MANTENIMIENTO Y TALLERES","SOLICITUD","VILLA RIACHUELO",1,8
201301,"MANTENIMIENTO Y TALLERES","SOLICITUD","VILLA URQUIZA",1,12
201301,"MOBILIARIO URBANO","RECLAMO","ALMAGRO",1,5
201301,"MOBILIARIO URBANO","RECLAMO","BALVANERA",1,3
201301,"MOBILIARIO URBANO","RECLAMO","BARRACAS",2,4
201301,"MOBILIARIO URBANO","RECLAMO","BOCA",1,4
201301,"MOBILIARIO URBANO","RECLAMO","CABALLITO",3,6
201301,"MOBILIARIO URBANO","RECLAMO","CHACARITA",1,15
201301,"MOBILIARIO URBANO","RECLAMO","COLEGIALES",1,13
201301,"MOBILIARIO URBANO","RECLAMO","FLORES",1,7
201301,"MOBILIARIO URBANO","RECLAMO","FLORESTA",1,10
201301,"MOBILIARIO URBANO","RECLAMO","MATADEROS",2,9
201301,"MOBILIARIO URBANO","RECLAMO","MONTE CASTRO",1,10
201301,"MOBILIARIO URBANO","RECLAMO","NUEVA POMPEYA",2,4
201301,"MOBILIARIO URBANO","RECLAMO","PALERMO",4,14
201301,"MOBILIARIO URBANO","RECLAMO","PARQUE PATRICIOS",1,4
201301,"MOBILIARIO URBANO","RECLAMO","RECOLETA",3,2
201301,"MOBILIARIO URBANO","RECLAMO","RETIRO",1,1
201301,"MOBILIARIO URBANO","RECLAMO","SAAVEDRA",2,12
201301,"MOBILIARIO URBANO","RECLAMO","SAN NICOLAS",1,1
201301,"MOBILIARIO URBANO","RECLAMO","SAN TELMO",2,1
201301,"MOBILIARIO URBANO","RECLAMO","VILLA CRESPO",2,15
201301,"MOBILIARIO URBANO","RECLAMO","VILLA DEL PARQUE",1,11
201301,"MOBILIARIO URBANO","RECLAMO","VILLA DEVOTO",2,11
201301,"MOBILIARIO URBANO","RECLAMO","VILLA GRAL. MITRE",1,11
201301,"MOBILIARIO URBANO","RECLAMO","VILLA LUGANO",3,8
201301,"MOBILIARIO URBANO","RECLAMO","VILLA PUEYRREDON",1,12
201301,"MOBILIARIO URBANO","RECLAMO","VILLA SOLDATI",1,8
201301,"MOBILIARIO URBANO","RECLAMO","VILLA URQUIZA",2,12
201301,"MOBILIARIO URBANO","SOLICITUD","ALMAGRO",1,5
201301,"MOBILIARIO URBANO","SOLICITUD","BARRACAS",1,4
201301,"MOBILIARIO URBANO","SOLICITUD","BELGRANO",1,13
201301,"MOBILIARIO URBANO","SOLICITUD","BOEDO",1,5
201301,"MOBILIARIO URBANO","SOLICITUD","CABALLITO",2,6
201301,"MOBILIARIO URBANO","SOLICITUD","CHACARITA",1,15
201301,"MOBILIARIO URBANO","SOLICITUD","MONSERRAT",1,1
201301,"MOBILIARIO URBANO","SOLICITUD","MONTE CASTRO",2,10
201301,"MOBILIARIO URBANO","SOLICITUD","NUÑEZ",1,13
201301,"MOBILIARIO URBANO","SOLICITUD","PALERMO",4,14
201301,"MOBILIARIO URBANO","SOLICITUD","PARQUE CHACABUCO",3,7
201301,"MOBILIARIO URBANO","SOLICITUD","PARQUE PATRICIOS",2,4
201301,"MOBILIARIO URBANO","SOLICITUD","RECOLETA",2,2
201301,"MOBILIARIO URBANO","SOLICITUD","RETIRO",1,1
201301,"MOBILIARIO URBANO","SOLICITUD","SAAVEDRA",2,12
201301,"MOBILIARIO URBANO","SOLICITUD","SAN NICOLAS",1,1
201301,"MOBILIARIO URBANO","SOLICITUD","SAN TELMO",1,1
201301,"MOBILIARIO URBANO","SOLICITUD","VELEZ SARSFIELD",1,10
201301,"MOBILIARIO URBANO","SOLICITUD","VILLA DEVOTO",1,11
201301,"MOBILIARIO URBANO","SOLICITUD","VILLA LUGANO",1,8
201301,"MOBILIARIO URBANO","SOLICITUD","VILLA LURO",1,10
201301,"MOBILIARIO URBANO","SOLICITUD","VILLA URQUIZA",1,12
201301,"MUEBLERIA / DECORACION","DENUNCIA","VELEZ SARSFIELD",1,10
201301,"MUEBLERIA / DECORACION","DENUNCIA","VILLA REAL",1,10
201301,"NATATORIO","DENUNCIA","COLEGIALES",1,13
201301,"OBRAS ABANDONADAS / TERRENOS BALDIOS","DENUNCIA","ALMAGRO",3,5
201301,"OBRAS ABANDONADAS / TERRENOS BALDIOS","DENUNCIA","BALVANERA",2,3
201301,"OBRAS ABANDONADAS / TERRENOS BALDIOS","DENUNCIA","BOEDO",1,5
201301,"OBRAS ABANDONADAS / TERRENOS BALDIOS","DENUNCIA","CABALLITO",2,6
201301,"OBRAS ABANDONADAS / TERRENOS BALDIOS","DENUNCIA","CONSTITUCION",1,1
201301,"OBRAS ABANDONADAS / TERRENOS BALDIOS","DENUNCIA","FLORES",2,7
201301,"OBRAS ABANDONADAS / TERRENOS BALDIOS","DENUNCIA","LINIERS",1,9
201301,"OBRAS ABANDONADAS / TERRENOS BALDIOS","DENUNCIA","PALERMO",2,14
201301,"OBRAS ABANDONADAS / TERRENOS BALDIOS","DENUNCIA","RECOLETA",1,2
201301,"OBRAS ABANDONADAS / TERRENOS BALDIOS","DENUNCIA","VILLA CRESPO",2,15
201301,"OBRAS ABANDONADAS / TERRENOS BALDIOS","DENUNCIA","VILLA DEL PARQUE",2,11
201301,"OBRAS ABANDONADAS / TERRENOS BALDIOS","DENUNCIA","VILLA ORTUZAR",1,15
201301,"OBRAS EN CONSTRUCCION / DEMOLICIONES","DENUNCIA","AGRONOMIA",4,15
201301,"OBRAS EN CONSTRUCCION / DEMOLICIONES","DENUNCIA","ALMAGRO",27,5
201301,"OBRAS EN CONSTRUCCION / DEMOLICIONES","DENUNCIA","BALVANERA",18,3
201301,"OBRAS EN CONSTRUCCION / DEMOLICIONES","DENUNCIA","BARRACAS",5,4
201301,"OBRAS EN CONSTRUCCION / DEMOLICIONES","DENUNCIA","BELGRANO",30,13
201301,"OBRAS EN CONSTRUCCION / DEMOLICIONES","DENUNCIA","BOCA",3,4
201301,"OBRAS EN CONSTRUCCION / DEMOLICIONES","DENUNCIA","BOEDO",17,5
201301,"OBRAS EN CONSTRUCCION / DEMOLICIONES","DENUNCIA","CABALLITO",37,6
201301,"OBRAS EN CONSTRUCCION / DEMOLICIONES","DENUNCIA","CHACARITA",5,15
201301,"OBRAS EN CONSTRUCCION / DEMOLICIONES","DENUNCIA","COGHLAN",3,12
201301,"OBRAS EN CONSTRUCCION / DEMOLICIONES","DENUNCIA","COLEGIALES",17,13
201301,"OBRAS EN CONSTRUCCION / DEMOLICIONES","DENUNCIA","CONSTITUCION",7,1
201301,"OBRAS EN CONSTRUCCION / DEMOLICIONES","DENUNCIA","FLORES",20,7
201301,"OBRAS EN CONSTRUCCION / DEMOLICIONES","DENUNCIA","FLORESTA",9,10
201301,"OBRAS EN CONSTRUCCION / DEMOLICIONES","DENUNCIA","LINIERS",15,9
201301,"OBRAS EN CONSTRUCCION / DEMOLICIONES","DENUNCIA","MATADEROS",11,9
201301,"OBRAS EN CONSTRUCCION / DEMOLICIONES","DENUNCIA","MONSERRAT",13,1
201301,"OBRAS EN CONSTRUCCION / DEMOLICIONES","DENUNCIA","MONTE CASTRO",9,10
201301,"OBRAS EN CONSTRUCCION / DEMOLICIONES","DENUNCIA","NUÑEZ",11,13
201301,"OBRAS EN CONSTRUCCION / DEMOLICIONES","DENUNCIA","NUEVA POMPEYA",3,4
201301,"OBRAS EN CONSTRUCCION / DEMOLICIONES","DENUNCIA","PALERMO",47,14
201301,"OBRAS EN CONSTRUCCION / DEMOLICIONES","DENUNCIA","PARQUE AVELLANEDA",7,9
201301,"OBRAS EN CONSTRUCCION / DEMOLICIONES","DENUNCIA","PARQUE CHACABUCO",5,7
201301,"OBRAS EN CONSTRUCCION / DEMOLICIONES","DENUNCIA","PARQUE CHAS",8,15
201301,"OBRAS EN CONSTRUCCION / DEMOLICIONES","DENUNCIA","PARQUE PATRICIOS",6,4
201301,"OBRAS EN CONSTRUCCION / DEMOLICIONES","DENUNCIA","PATERNAL",4,15
201301,"OBRAS EN CONSTRUCCION / DEMOLICIONES","DENUNCIA","RECOLETA",25,2
201301,"OBRAS EN CONSTRUCCION / DEMOLICIONES","DENUNCIA","RETIRO",2,1
201301,"OBRAS EN CONSTRUCCION / DEMOLICIONES","DENUNCIA","SAAVEDRA",13,12
201301,"OBRAS EN CONSTRUCCION / DEMOLICIONES","DENUNCIA","SAN CRISTOBAL",6,3
201301,"OBRAS EN CONSTRUCCION / DEMOLICIONES","DENUNCIA","SAN NICOLAS",6,1
201301,"OBRAS EN CONSTRUCCION / DEMOLICIONES","DENUNCIA","SAN TELMO",7,1
201301,"OBRAS EN CONSTRUCCION / DEMOLICIONES","DENUNCIA","VELEZ SARSFIELD",6,10
201301,"OBRAS EN CONSTRUCCION / DEMOLICIONES","DENUNCIA","VERSALLES",3,10
201301,"OBRAS EN CONSTRUCCION / DEMOLICIONES","DENUNCIA","VILLA CRESPO",12,15
201301,"OBRAS EN CONSTRUCCION / DEMOLICIONES","DENUNCIA","VILLA DEL PARQUE",8,11
201301,"OBRAS EN CONSTRUCCION / DEMOLICIONES","DENUNCIA","VILLA DEVOTO",18,11
201301,"OBRAS EN CONSTRUCCION / DEMOLICIONES","DENUNCIA","VILLA GRAL. MITRE",2,11
201301,"OBRAS EN CONSTRUCCION / DEMOLICIONES","DENUNCIA","VILLA LUGANO",7,8
201301,"OBRAS EN CONSTRUCCION / DEMOLICIONES","DENUNCIA","VILLA LURO",4,10
201301,"OBRAS EN CONSTRUCCION / DEMOLICIONES","DENUNCIA","VILLA ORTUZAR",6,15
201301,"OBRAS EN CONSTRUCCION / DEMOLICIONES","DENUNCIA","VILLA PUEYRREDON",12,12
201301,"OBRAS EN CONSTRUCCION / DEMOLICIONES","DENUNCIA","VILLA REAL",2,10
201301,"OBRAS EN CONSTRUCCION / DEMOLICIONES","DENUNCIA","VILLA RIACHUELO",3,8
201301,"OBRAS EN CONSTRUCCION / DEMOLICIONES","DENUNCIA","VILLA SANTA RITA",10,11
201301,"OBRAS EN CONSTRUCCION / DEMOLICIONES","DENUNCIA","VILLA URQUIZA",29,12
201301,"OBRAS FINALIZADAS","DENUNCIA","ALMAGRO",6,5
201301,"OBRAS FINALIZADAS","DENUNCIA","BALVANERA",8,3
201301,"OBRAS FINALIZADAS","DENUNCIA","BARRACAS",3,4
201301,"OBRAS FINALIZADAS","DENUNCIA","BELGRANO",5,13
201301,"OBRAS FINALIZADAS","DENUNCIA","BOCA",1,4
201301,"OBRAS FINALIZADAS","DENUNCIA","BOEDO",1,5
201301,"OBRAS FINALIZADAS","DENUNCIA","CABALLITO",7,6
201301,"OBRAS FINALIZADAS","DENUNCIA","CHACARITA",1,15
201301,"OBRAS FINALIZADAS","DENUNCIA","COGHLAN",1,12
201301,"OBRAS FINALIZADAS","DENUNCIA","COLEGIALES",2,13
201301,"OBRAS FINALIZADAS","DENUNCIA","CONSTITUCION",3,1
201301,"OBRAS FINALIZADAS","DENUNCIA","FLORES",3,7
201301,"OBRAS FINALIZADAS","DENUNCIA","LINIERS",4,9
201301,"OBRAS FINALIZADAS","DENUNCIA","MATADEROS",1,9
201301,"OBRAS FINALIZADAS","DENUNCIA","MONSERRAT",4,1
201301,"OBRAS FINALIZADAS","DENUNCIA","MONTE CASTRO",2,10
201301,"OBRAS FINALIZADAS","DENUNCIA","NUÑEZ",1,13
201301,"OBRAS FINALIZADAS","DENUNCIA","NUEVA POMPEYA",1,4
201301,"OBRAS FINALIZADAS","DENUNCIA","PALERMO",8,14
201301,"OBRAS FINALIZADAS","DENUNCIA","PARQUE AVELLANEDA",1,9
201301,"OBRAS FINALIZADAS","DENUNCIA","PARQUE CHACABUCO",2,7
201301,"OBRAS FINALIZADAS","DENUNCIA","PARQUE PATRICIOS",2,4
201301,"OBRAS FINALIZADAS","DENUNCIA","PATERNAL",2,15
201301,"OBRAS FINALIZADAS","DENUNCIA","RECOLETA",7,2
201301,"OBRAS FINALIZADAS","DENUNCIA","RETIRO",1,1
201301,"OBRAS FINALIZADAS","DENUNCIA","SAAVEDRA",3,12
201301,"OBRAS FINALIZADAS","DENUNCIA","SAN NICOLAS",3,1
201301,"OBRAS FINALIZADAS","DENUNCIA","VELEZ SARSFIELD",2,10
201301,"OBRAS FINALIZADAS","DENUNCIA","VILLA CRESPO",3,15
201301,"OBRAS FINALIZADAS","DENUNCIA","VILLA DEL PARQUE",1,11
201301,"OBRAS FINALIZADAS","DENUNCIA","VILLA DEVOTO",1,11
201301,"OBRAS FINALIZADAS","DENUNCIA","VILLA LURO",1,10
201301,"OBRAS FINALIZADAS","DENUNCIA","VILLA ORTUZAR",10,15
201301,"OBRAS FINALIZADAS","DENUNCIA","VILLA PUEYRREDON",1,12
201301,"OBRAS FINALIZADAS","DENUNCIA","VILLA SANTA RITA",1,11
201301,"OBRAS FINALIZADAS","DENUNCIA","VILLA SOLDATI",1,8
201301,"OBRAS FINALIZADAS","DENUNCIA","VILLA URQUIZA",4,12
201301,"OBRAS FINALIZADAS","RECLAMO","ALMAGRO",1,5
201301,"OBRAS FINALIZADAS","RECLAMO","BALVANERA",1,3
201301,"OBRAS FINALIZADAS","RECLAMO","CABALLITO",1,6
201301,"OBRAS FINALIZADAS","RECLAMO","MONTE CASTRO",1,10
201301,"OBRAS FINALIZADAS","RECLAMO","VELEZ SARSFIELD",1,10
201301,"OBRAS FINALIZADAS","RECLAMO","VERSALLES",1,10
201301,"OFICINA DE MENSAJERIA","DENUNCIA","BALVANERA",1,3
201301,"OFICINA DE MENSAJERIA","DENUNCIA","PALERMO",1,14
201301,"OFICINA DE MENSAJERIA","DENUNCIA","PATERNAL",2,15
201301,"OFICINA DE MENSAJERIA","DENUNCIA","SAN NICOLAS",1,1
201301,"OFICINA DE MENSAJERIA","DENUNCIA","VILLA PUEYRREDON",1,12
201301,"PANADERIA / CONFITERIA / BOMBONERIA","DENUNCIA","BALVANERA",1,3
201301,"PANADERIA / CONFITERIA / BOMBONERIA","DENUNCIA","BELGRANO",1,13
201301,"PANADERIA / CONFITERIA / BOMBONERIA","DENUNCIA","BOCA",1,4
201301,"PANADERIA / CONFITERIA / BOMBONERIA","DENUNCIA","COLEGIALES",1,13
201301,"PANADERIA / CONFITERIA / BOMBONERIA","DENUNCIA","CONSTITUCION",1,1
201301,"PANADERIA / CONFITERIA / BOMBONERIA","DENUNCIA","NUEVA POMPEYA",1,4
201301,"PANADERIA / CONFITERIA / BOMBONERIA","DENUNCIA","PALERMO",2,14
201301,"PANADERIA / CONFITERIA / BOMBONERIA","DENUNCIA","SAN NICOLAS",1,1
201301,"PANADERIA / CONFITERIA / BOMBONERIA","DENUNCIA","VERSALLES",1,10
201301,"PAVIMENTO","RECLAMO","AGRONOMIA",8,15
201301,"PAVIMENTO","RECLAMO","ALMAGRO",43,5
201301,"PAVIMENTO","RECLAMO","BALVANERA",24,3
201301,"PAVIMENTO","RECLAMO","BARRACAS",33,4
201301,"PAVIMENTO","RECLAMO","BELGRANO",33,13
201301,"PAVIMENTO","RECLAMO","BOCA",14,4
201301,"PAVIMENTO","RECLAMO","BOEDO",10,5
201301,"PAVIMENTO","RECLAMO","CABALLITO",44,6
201301,"PAVIMENTO","RECLAMO","CHACARITA",9,15
201301,"PAVIMENTO","RECLAMO","COGHLAN",8,12
201301,"PAVIMENTO","RECLAMO","COLEGIALES",12,13
201301,"PAVIMENTO","RECLAMO","CONSTITUCION",11,1
201301,"PAVIMENTO","RECLAMO","FLORES",53,7
201301,"PAVIMENTO","RECLAMO","FLORESTA",22,10
201301,"PAVIMENTO","RECLAMO","LINIERS",21,9
201301,"PAVIMENTO","RECLAMO","MATADEROS",20,9
201301,"PAVIMENTO","RECLAMO","MONSERRAT",26,1
201301,"PAVIMENTO","RECLAMO","MONTE CASTRO",16,10
201301,"PAVIMENTO","RECLAMO","NUÑEZ",15,13
201301,"PAVIMENTO","RECLAMO","NUEVA POMPEYA",23,4
201301,"PAVIMENTO","RECLAMO","PALERMO",79,14
201301,"PAVIMENTO","RECLAMO","PARQUE AVELLANEDA",18,9
201301,"PAVIMENTO","RECLAMO","PARQUE CHACABUCO",16,7
201301,"PAVIMENTO","RECLAMO","PARQUE CHAS",4,15
201301,"PAVIMENTO","RECLAMO","PARQUE PATRICIOS",7,4
201301,"PAVIMENTO","RECLAMO","PATERNAL",6,15
201301,"PAVIMENTO","RECLAMO","PUERTO MADERO",2,1
201301,"PAVIMENTO","RECLAMO","RECOLETA",26,2
201301,"PAVIMENTO","RECLAMO","RETIRO",20,1
201301,"PAVIMENTO","RECLAMO","SAAVEDRA",21,12
201301,"PAVIMENTO","RECLAMO","SAN CRISTOBAL",8,3
201301,"PAVIMENTO","RECLAMO","SAN NICOLAS",25,1
201301,"PAVIMENTO","RECLAMO","SAN TELMO",12,1
201301,"PAVIMENTO","RECLAMO","VELEZ SARSFIELD",26,10
201301,"PAVIMENTO","RECLAMO","VERSALLES",11,10
201301,"PAVIMENTO","RECLAMO","VILLA CRESPO",22,15
201301,"PAVIMENTO","RECLAMO","VILLA DEL PARQUE",20,11
201301,"PAVIMENTO","RECLAMO","VILLA DEVOTO",27,11
201301,"PAVIMENTO","RECLAMO","VILLA GRAL. MITRE",15,11
201301,"PAVIMENTO","RECLAMO","VILLA LUGANO",20,8
201301,"PAVIMENTO","RECLAMO","VILLA LURO",17,10
201301,"PAVIMENTO","RECLAMO","VILLA ORTUZAR",10,15
201301,"PAVIMENTO","RECLAMO","VILLA PUEYRREDON",21,12
201301,"PAVIMENTO","RECLAMO","VILLA REAL",7,10
201301,"PAVIMENTO","RECLAMO","VILLA RIACHUELO",4,8
201301,"PAVIMENTO","RECLAMO","VILLA SANTA RITA",11,11
201301,"PAVIMENTO","RECLAMO","VILLA SOLDATI",5,8
201301,"PAVIMENTO","RECLAMO","VILLA URQUIZA",38,12
201301,"PAVIMENTO","SOLICITUD","ALMAGRO",1,5
201301,"PAVIMENTO","SOLICITUD","BARRACAS",1,4
201301,"PAVIMENTO","SOLICITUD","CABALLITO",2,6
201301,"PAVIMENTO","SOLICITUD","COLEGIALES",1,13
201301,"PAVIMENTO","SOLICITUD","FLORES",1,7
201301,"PAVIMENTO","SOLICITUD","FLORESTA",1,10
201301,"PAVIMENTO","SOLICITUD","PALERMO",2,14
201301,"PAVIMENTO","SOLICITUD","PARQUE AVELLANEDA",2,9
201301,"PAVIMENTO","SOLICITUD","PARQUE CHACABUCO",1,7
201301,"PAVIMENTO","SOLICITUD","PARQUE CHAS",2,15
201301,"PAVIMENTO","SOLICITUD","SAN NICOLAS",1,1
201301,"PAVIMENTO","SOLICITUD","SAN TELMO",4,1
201301,"PAVIMENTO","SOLICITUD","VELEZ SARSFIELD",1,10
201301,"PAVIMENTO","SOLICITUD","VILLA DEL PARQUE",2,11
201301,"PAVIMENTO","SOLICITUD","VILLA LUGANO",1,8
201301,"PAVIMENTO","SOLICITUD","VILLA ORTUZAR",1,15
201301,"PAVIMENTO","SOLICITUD","VILLA PUEYRREDON",2,12
201301,"PENSION / INQUILINATO / RESIDENCIA UNIVERSITARIA","DENUNCIA","BALVANERA",1,3
201301,"PENSION / INQUILINATO / RESIDENCIA UNIVERSITARIA","DENUNCIA","CONSTITUCION",1,1
201301,"PENSION / INQUILINATO / RESIDENCIA UNIVERSITARIA","DENUNCIA","FLORES",1,7
201301,"PENSION / INQUILINATO / RESIDENCIA UNIVERSITARIA","DENUNCIA","PALERMO",1,14
201301,"PENSION / INQUILINATO / RESIDENCIA UNIVERSITARIA","DENUNCIA","PARQUE PATRICIOS",1,4
201301,"PENSION / INQUILINATO / RESIDENCIA UNIVERSITARIA","DENUNCIA","VELEZ SARSFIELD",1,10
201301,"PENSION / INQUILINATO / RESIDENCIA UNIVERSITARIA","DENUNCIA","VILLA LURO",2,10
201301,"PENSION / INQUILINATO / RESIDENCIA UNIVERSITARIA","DENUNCIA","VILLA RIACHUELO",1,8
201301,"PENSION / INQUILINATO / RESIDENCIA UNIVERSITARIA","DENUNCIA","VILLA URQUIZA",1,12
201301,"PLAYA DE ESTACIONAMIENTO / GARAGE","DENUNCIA","BELGRANO",1,13
201301,"PLAYA DE ESTACIONAMIENTO / GARAGE","DENUNCIA","COLEGIALES",1,13
201301,"PLAYA DE ESTACIONAMIENTO / GARAGE","DENUNCIA","FLORES",2,7
201301,"PLAYA DE ESTACIONAMIENTO / GARAGE","DENUNCIA","MONSERRAT",2,1
201301,"PLAYA DE ESTACIONAMIENTO / GARAGE","DENUNCIA","PALERMO",1,14
201301,"PLAYA DE ESTACIONAMIENTO / GARAGE","DENUNCIA","RECOLETA",2,2
201301,"PLAYA DE ESTACIONAMIENTO / GARAGE","DENUNCIA","RETIRO",1,1
201301,"PLAYA DE ESTACIONAMIENTO / GARAGE","DENUNCIA","SAN NICOLAS",1,1
201301,"PLAYA DE ESTACIONAMIENTO / GARAGE","DENUNCIA","VILLA CRESPO",1,15
201301,"PLAZAS","DENUNCIA","ALMAGRO",1,5
201301,"PLAZAS","DENUNCIA","CONSTITUCION",1,1
201301,"PLAZAS","DENUNCIA","PUERTO MADERO",1,1
201301,"PLAZAS","DENUNCIA","RECOLETA",1,2
201301,"PLAZAS","DENUNCIA","SAN CRISTOBAL",1,3
201301,"PLAZAS","DENUNCIA","VILLA GRAL. MITRE",1,11
201301,"PLAZAS","DENUNCIA","VILLA RIACHUELO",1,8
201301,"PLAZAS","DENUNCIA","VILLA URQUIZA",1,12
201301,"PLAZAS","RECLAMO","AGRONOMIA",4,15
201301,"PLAZAS","RECLAMO","ALMAGRO",2,5
201301,"PLAZAS","RECLAMO","BALVANERA",11,3
201301,"PLAZAS","RECLAMO","BARRACAS",7,4
201301,"PLAZAS","RECLAMO","BELGRANO",11,13
201301,"PLAZAS","RECLAMO","BOCA",2,4
201301,"PLAZAS","RECLAMO","BOEDO",3,5
201301,"PLAZAS","RECLAMO","CABALLITO",21,6
201301,"PLAZAS","RECLAMO","CHACARITA",3,15
201301,"PLAZAS","RECLAMO","COLEGIALES",7,13
201301,"PLAZAS","RECLAMO","CONSTITUCION",4,1
201301,"PLAZAS","RECLAMO","FLORES",6,7
201301,"PLAZAS","RECLAMO","FLORESTA",4,10
201301,"PLAZAS","RECLAMO","LINIERS",2,9
201301,"PLAZAS","RECLAMO","MATADEROS",7,9
201301,"PLAZAS","RECLAMO","MONSERRAT",1,1
201301,"PLAZAS","RECLAMO","MONTE CASTRO",4,10
201301,"PLAZAS","RECLAMO","NUÑEZ",4,13
201301,"PLAZAS","RECLAMO","NUEVA POMPEYA",2,4
201301,"PLAZAS","RECLAMO","PALERMO",19,14
201301,"PLAZAS","RECLAMO","PARQUE AVELLANEDA",4,9
201301,"PLAZAS","RECLAMO","PARQUE CHACABUCO",8,7
201301,"PLAZAS","RECLAMO","PARQUE CHAS",1,15
201301,"PLAZAS","RECLAMO","PARQUE PATRICIOS",3,4
201301,"PLAZAS","RECLAMO","RECOLETA",9,2
201301,"PLAZAS","RECLAMO","RETIRO",6,1
201301,"PLAZAS","RECLAMO","SAAVEDRA",11,12
201301,"PLAZAS","RECLAMO","SAN CRISTOBAL",5,3
201301,"PLAZAS","RECLAMO","SAN NICOLAS",2,1
201301,"PLAZAS","RECLAMO","SAN TELMO",3,1
201301,"PLAZAS","RECLAMO","VELEZ SARSFIELD",7,10
201301,"PLAZAS","RECLAMO","VERSALLES",3,10
201301,"PLAZAS","RECLAMO","VILLA CRESPO",8,15
201301,"PLAZAS","RECLAMO","VILLA DEL PARQUE",6,11
201301,"PLAZAS","RECLAMO","VILLA DEVOTO",8,11
201301,"PLAZAS","RECLAMO","VILLA GRAL. MITRE",2,11
201301,"PLAZAS","RECLAMO","VILLA LUGANO",8,8
201301,"PLAZAS","RECLAMO","VILLA LURO",4,10
201301,"PLAZAS","RECLAMO","VILLA ORTUZAR",1,15
201301,"PLAZAS","RECLAMO","VILLA PUEYRREDON",6,12
201301,"PLAZAS","RECLAMO","VILLA REAL",3,10
201301,"PLAZAS","RECLAMO","VILLA RIACHUELO",3,8
201301,"PLAZAS","RECLAMO","VILLA SOLDATI",11,8
201301,"PLAZAS","RECLAMO","VILLA URQUIZA",7,12
201301,"PLAZAS","SOLICITUD","ALMAGRO",1,5
201301,"PLAZAS","SOLICITUD","BALVANERA",5,3
201301,"PLAZAS","SOLICITUD","BOEDO",1,5
201301,"PLAZAS","SOLICITUD","CABALLITO",3,6
201301,"PLAZAS","SOLICITUD","COLEGIALES",1,13
201301,"PLAZAS","SOLICITUD","FLORES",2,7
201301,"PLAZAS","SOLICITUD","FLORESTA",2,10
201301,"PLAZAS","SOLICITUD","LINIERS",1,9
201301,"PLAZAS","SOLICITUD","MATADEROS",1,9
201301,"PLAZAS","SOLICITUD","PALERMO",3,14
201301,"PLAZAS","SOLICITUD","PARQUE AVELLANEDA",1,9
201301,"PLAZAS","SOLICITUD","PARQUE CHACABUCO",1,7
201301,"PLAZAS","SOLICITUD","PARQUE CHAS",1,15
201301,"PLAZAS","SOLICITUD","RECOLETA",1,2
201301,"PLAZAS","SOLICITUD","RETIRO",1,1
201301,"PLAZAS","SOLICITUD","VILLA DEL PARQUE",1,11
201301,"PLAZAS","SOLICITUD","VILLA DEVOTO",1,11
201301,"PLAZAS","SOLICITUD","VILLA LUGANO",1,8
201301,"PLAZAS","SOLICITUD","VILLA LURO",1,10
201301,"PLAZAS","SOLICITUD","VILLA RIACHUELO",2,8
201301,"PLAZAS","SOLICITUD","VILLA SOLDATI",1,8
201301,"PLAZAS","SOLICITUD","VILLA URQUIZA",1,12
201301,"PROTECCION AMBIENTAL","DENUNCIA","ALMAGRO",16,5
201301,"PROTECCION AMBIENTAL","DENUNCIA","BALVANERA",14,3
201301,"PROTECCION AMBIENTAL","DENUNCIA","BARRACAS",5,4
201301,"PROTECCION AMBIENTAL","DENUNCIA","BELGRANO",9,13
201301,"PROTECCION AMBIENTAL","DENUNCIA","BOCA",2,4
201301,"PROTECCION AMBIENTAL","DENUNCIA","BOEDO",5,5
201301,"PROTECCION AMBIENTAL","DENUNCIA","CABALLITO",13,6
201301,"PROTECCION AMBIENTAL","DENUNCIA","CHACARITA",5,15
201301,"PROTECCION AMBIENTAL","DENUNCIA","COGHLAN",1,12
201301,"PROTECCION AMBIENTAL","DENUNCIA","COLEGIALES",6,13
201301,"PROTECCION AMBIENTAL","DENUNCIA","CONSTITUCION",3,1
201301,"PROTECCION AMBIENTAL","DENUNCIA","FLORES",9,7
201301,"PROTECCION AMBIENTAL","DENUNCIA","FLORESTA",2,10
201301,"PROTECCION AMBIENTAL","DENUNCIA","LINIERS",5,9
201301,"PROTECCION AMBIENTAL","DENUNCIA","MATADEROS",10,9
201301,"PROTECCION AMBIENTAL","DENUNCIA","MONSERRAT",6,1
201301,"PROTECCION AMBIENTAL","DENUNCIA","MONTE CASTRO",2,10
201301,"PROTECCION AMBIENTAL","DENUNCIA","NUÑEZ",3,13
201301,"PROTECCION AMBIENTAL","DENUNCIA","NUEVA POMPEYA",7,4
201301,"PROTECCION AMBIENTAL","DENUNCIA","PALERMO",24,14
201301,"PROTECCION AMBIENTAL","DENUNCIA","PARQUE AVELLANEDA",3,9
201301,"PROTECCION AMBIENTAL","DENUNCIA","PARQUE CHACABUCO",6,7
201301,"PROTECCION AMBIENTAL","DENUNCIA","PARQUE PATRICIOS",1,4
201301,"PROTECCION AMBIENTAL","DENUNCIA","PATERNAL",4,15
201301,"PROTECCION AMBIENTAL","DENUNCIA","PUERTO MADERO",1,1
201301,"PROTECCION AMBIENTAL","DENUNCIA","RECOLETA",16,2
201301,"PROTECCION AMBIENTAL","DENUNCIA","RETIRO",6,1
201301,"PROTECCION AMBIENTAL","DENUNCIA","SAAVEDRA",2,12
201301,"PROTECCION AMBIENTAL","DENUNCIA","SAN CRISTOBAL",2,3
201301,"PROTECCION AMBIENTAL","DENUNCIA","SAN NICOLAS",5,1
201301,"PROTECCION AMBIENTAL","DENUNCIA","VELEZ SARSFIELD",1,10
201301,"PROTECCION AMBIENTAL","DENUNCIA","VERSALLES",1,10
201301,"PROTECCION AMBIENTAL","DENUNCIA","VILLA CRESPO",14,15
201301,"PROTECCION AMBIENTAL","DENUNCIA","VILLA DEL PARQUE",10,11
201301,"PROTECCION AMBIENTAL","DENUNCIA","VILLA DEVOTO",5,11
201301,"PROTECCION AMBIENTAL","DENUNCIA","VILLA GRAL. MITRE",5,11
201301,"PROTECCION AMBIENTAL","DENUNCIA","VILLA LUGANO",3,8
201301,"PROTECCION AMBIENTAL","DENUNCIA","VILLA ORTUZAR",5,15
201301,"PROTECCION AMBIENTAL","DENUNCIA","VILLA REAL",1,10
201301,"PROTECCION AMBIENTAL","DENUNCIA","VILLA RIACHUELO",2,8
201301,"PROTECCION AMBIENTAL","DENUNCIA","VILLA SANTA RITA",3,11
201301,"PROTECCION AMBIENTAL","DENUNCIA","VILLA SOLDATI",2,8
201301,"PROTECCION AMBIENTAL","DENUNCIA","VILLA URQUIZA",5,12
201301,"PUB Y AFINES","DENUNCIA","PALERMO",1,14
201301,"PUB Y AFINES","DENUNCIA","SAAVEDRA",1,12
201301,"PUESTO FIJO DE VENTA DE COMESTIBLES","DENUNCIA","BARRACAS",1,4
201301,"PUESTO FIJO DE VENTA DE COMESTIBLES","DENUNCIA","CONSTITUCION",1,1
201301,"PUESTO FIJO DE VENTA DE COMESTIBLES","DENUNCIA","PALERMO",1,14
201301,"PUESTO FIJO DE VENTA DE COMESTIBLES","DENUNCIA","VILLA DEL PARQUE",1,11
201301,"PUESTO FIJO DE VENTA DE COMESTIBLES","DENUNCIA","VILLA LUGANO",1,8
201301,"QUEJA","QUEJA","AGRONOMIA",1,15
201301,"QUEJA","QUEJA","ALMAGRO",8,5
201301,"QUEJA","QUEJA","BALVANERA",35,3
201301,"QUEJA","QUEJA","BARRACAS",11,4
201301,"QUEJA","QUEJA","BELGRANO",7,13
201301,"QUEJA","QUEJA","BOCA",7,4
201301,"QUEJA","QUEJA","BOEDO",2,5
201301,"QUEJA","QUEJA","CABALLITO",22,6
201301,"QUEJA","QUEJA","CHACARITA",6,15
201301,"QUEJA","QUEJA","COGHLAN",6,12
201301,"QUEJA","QUEJA","CONSTITUCION",5,1
201301,"QUEJA","QUEJA","FLORES",23,7
201301,"QUEJA","QUEJA","FLORESTA",5,10
201301,"QUEJA","QUEJA","LINIERS",2,9
201301,"QUEJA","QUEJA","MATADEROS",4,9
201301,"QUEJA","QUEJA","MONSERRAT",39,1
201301,"QUEJA","QUEJA","MONTE CASTRO",10,10
201301,"QUEJA","QUEJA","NUÑEZ",12,13
201301,"QUEJA","QUEJA","NUEVA POMPEYA",2,4
201301,"QUEJA","QUEJA","PALERMO",24,14
201301,"QUEJA","QUEJA","PARQUE AVELLANEDA",2,9
201301,"QUEJA","QUEJA","PARQUE CHACABUCO",5,7
201301,"QUEJA","QUEJA","PARQUE CHAS",1,15
201301,"QUEJA","QUEJA","PARQUE PATRICIOS",15,4
201301,"QUEJA","QUEJA","PATERNAL",2,15
201301,"QUEJA","QUEJA","RECOLETA",5,2
201301,"QUEJA","QUEJA","SAAVEDRA",4,12
201301,"QUEJA","QUEJA","SAN CRISTOBAL",1,3
201301,"QUEJA","QUEJA","SAN NICOLAS",307,1
201301,"QUEJA","QUEJA","SAN TELMO",1,1
201301,"QUEJA","QUEJA","VELEZ SARSFIELD",3,10
201301,"QUEJA","QUEJA","VERSALLES",3,10
201301,"QUEJA","QUEJA","VILLA CRESPO",5,15
201301,"QUEJA","QUEJA","VILLA DEL PARQUE",6,11
201301,"QUEJA","QUEJA","VILLA DEVOTO",15,11
201301,"QUEJA","QUEJA","VILLA GRAL. MITRE",2,11
201301,"QUEJA","QUEJA","VILLA LUGANO",7,8
201301,"QUEJA","QUEJA","VILLA PUEYRREDON",3,12
201301,"QUEJA","QUEJA","VILLA REAL",2,10
201301,"QUEJA","QUEJA","VILLA RIACHUELO",21,8
201301,"QUEJA","QUEJA","VILLA SANTA RITA",6,11
201301,"QUEJA","QUEJA","VILLA SOLDATI",2,8
201301,"QUEJA","QUEJA","VILLA URQUIZA",9,12
201301,"RECITALES / SHOWS EN VIVO","DENUNCIA","PALERMO",1,14
201301,"RECITALES / SHOWS EN VIVO","DENUNCIA","PATERNAL",1,15
201301,"RECUPERADORES","DENUNCIA","ALMAGRO",1,5
201301,"RECUPERADORES","DENUNCIA","CABALLITO",1,6
201301,"RECUPERADORES","DENUNCIA","MONSERRAT",1,1
201301,"RECUPERADORES","DENUNCIA","NUEVA POMPEYA",1,4
201301,"RECUPERADORES","DENUNCIA","PALERMO",1,14
201301,"RECUPERADORES","DENUNCIA","SAN NICOLAS",1,1
201301,"RECUPERADORES","DENUNCIA","SAN TELMO",2,1
201301,"RECUPERADORES","DENUNCIA","VERSALLES",1,10
201301,"RECUPERADORES","RECLAMO","AGRONOMIA",1,15
201301,"RECUPERADORES","RECLAMO","ALMAGRO",1,5
201301,"RECUPERADORES","RECLAMO","BALVANERA",1,3
201301,"RECUPERADORES","RECLAMO","BARRACAS",2,4
201301,"RECUPERADORES","RECLAMO","CABALLITO",1,6
201301,"RECUPERADORES","RECLAMO","CONSTITUCION",1,1
201301,"RECUPERADORES","RECLAMO","FLORES",1,7
201301,"RECUPERADORES","RECLAMO","RECOLETA",1,2
201301,"RECUPERADORES","RECLAMO","SAN NICOLAS",3,1
201301,"RECUPERADORES","RECLAMO","VILLA LURO",2,10
201301,"RECUPERADORES","RECLAMO","VILLA RIACHUELO",1,8
201301,"REGALERIA / BAZAR / ANTIG","","",NA,NA
